0,092;0,912;0,716;0,576;0,902;0,73;0,435;0,475;0,96;0,541;0,242;0,942;0,282;0,636;0,567
0,941;0,61;0,926;0,854;0,164;0,817;0,778;0,527;0,933;0,348;0,506;0,972;0,022;0,251;0,241
0,252;0,737;0,027;0,175;0,967;0,182;0,488;0,823;0,777;0,256;0,566;0,591;0,594;0,243;0,174
0,508;0,605;0,713;0,403;0,485;0,362;0,308;0,413;0,654;0,339;0,556;0,029;0,124;0,164;0,248
0,081;0,999;0,428;0,446;0,451;0,008;0,753;0,061;0,878;0,34;0,557;0,893;0,244;0,478;0,207
0,734;0,503;0,971;0,854;0,321;0,075;0,53;0,968;0,349;0,058;0,57;0,143;0,807;0,551;0,331
0,471;0,577;0,576;0,997;0,154;0,254;0,535;0,929;0,97;0,469;0,789;0,57;0,999;0,351;0,448
0,481;0,946;0,533;0,71;0,428;0,931;0,904;0,716;0,093;0,023;0,975;0,535;0,137;0,974;0,651
0,439;0,839;0,404;0,233;0,0;0,779;0,111;0,121;0,427;0,092;0,589;0,449;0,076;0,555;0,921
0,379;0,642;0,046;0,718;0,798;0,284;0,46;0,35;0,68;0,705;0,173;0,121;0,924;0,466;0,113
0,554;0,736;0,808;0,546;0,27;0,558;0,457;0,386;0,921;0,316;0,804;0,558;0,473;0,012;0,652
0,566;0,848;0,679;0,511;0,513;0,53;0,232;0,01;0,713;0,028;0,25;0,578;0,496;0,207;0,362
0,464;0,76;0,76;0,98;0,03;0,631;0,393;0,716;0,945;0,46;0,969;0,784;0,975;0,094;0,049
0,869;0,432;0,925;0,147;0,969;0,01;0,273;0,095;0,298;0,097;0,654;0,284;0,337;0,594;0,983
0,886;0,743;0,549;0,916;0,932;0,953;0,17;0,921;0,886;0,107;0,907;0,433;0,065;0,085;0,078
0,767;0,768;0,17;0,766;0,914;0,843;0,024;0,625;0,25;0,218;0,747;0,527;0,482;0,44;0,809
0,71;0,276;0,046;0,121;0,955;0,558;0,886;0,682;0,803;0,431;0,412;0,196;0,589;0,582;0,852
0,947;0,18;0,07;0,324;0,225;0,15;0,569;0,324;0,463;0,815;0,042;0,895;0,386;0,208;0,429
0,541;0,628;0,11;0,148;0,707;0,387;0,22;0,267;0,595;0,041;0,323;0,339;0,96;0,775;0,296
0,171;0,308;0,843;0,507;0,103;0,991;0,12;0,306;0,305;0,985;0,288;0,031;0,677;0,318;0,37
0,492;0,538;0,479;0,449;0,852;0,856;0,113;0,784;0,924;0,522;0,851;0,633;0,653;0,979;0,063
0,278;0,816;0,893;0,803;0,658;0,614;0,025;0,724;0,472;0,51;0,593;0,519;0,006;0,887;0,953
0,674;0,826;0,856;0,158;0,019;0,638;0,112;0,067;0,351;0,707;0,67;0,631;0,893;0,886;0,261
0,212;0,543;0,614;0,153;0,915;0,103;0,594;0,689;0,412;0,746;0,669;0,308;0,494;0,635;0,54
0,904;0,962;0,564;0,708;0,193;0,006;0,997;0,266;0,114;0,228;0,325;0,051;0,836;0,861;0,006
0,872;0,881;0,918;0,032;0,229;0,578;0,765;0,105;0,407;0,406;0,19;0,252;0,309;0,584;0,129
0,387;0,2;0,566;0,099;0,054;0,762;0,026;0,431;0,399;0,125;0,484;0,983;0,561;0,294;0,865
0,847;0,055;0,376;0,78;0,37;0,636;0,527;0,463;0,158;0,817;0,31;0,476;0,325;0,173;0,219
0,385;0,937;0,976;0,746;0,898;0,116;0,723;0,589;0,107;0,797;0,905;0,245;0,722;0,109;0,802
0,08;0,649;0,553;0,568;0,348;0,847;0,022;0,049;0,4;0,968;0,269;0,657;0,761;0,896;0,661
0,518;0,115;0,837;0,393;0,852;0,565;0,484;0,835;0,579;0,8;0,048;0,808;0,338;0,078;0,696
0,609;0,674;0,926;0,93;0,148;0,369;0,056;0,97;0,661;0,641;0,965;0,562;0,465;0,436;0,872
0,6;0,337;0,953;0,328;0,423;0,227;0,666;0,07;0,152;0,238;0,699;0,836;0,869;0,532;0,677
0,092;0,257;0,054;0,843;0,394;0,76;0,019;0,494;0,105;0,788;0,811;0,227;0,207;0,563;0,742
0,577;0,427;0,988;0,355;0,211;0,137;0,125;0,731;0,834;0,75;0,606;0,936;0,603;0,227;0,648
0,128;0,983;0,511;0,53;0,635;0,035;0,278;0,91;0,514;0,956;0,048;0,059;0,876;0,001;0,927
0,895;0,892;0,151;0,815;0,814;0,623;0,07;0,467;0,583;0,599;0,259;0,369;0,228;0,121;0,253
0,432;0,803;0,359;0,175;0,721;0,734;0,787;0,934;0,678;0,957;0,733;0,456;0,778;0,614;0,377
0,674;0,425;0,793;0,882;0,577;0,611;0,299;0,659;0,794;0,037;0,847;0,592;0,452;0,25;0,699
0,573;0,163;0,735;0,77;0,027;0,259;0,057;0,462;0,356;0,378;0,24;0,853;0,23;0,132;0,666
0,798;0,446;0,656;0,038;0,003;0,82;0,247;0,565;0,791;0,515;0,446;0,035;0,983;0,716;0,406
0,553;0,812;0,071;0,187;0,039;0,139;0,379;0,028;0,106;0,669;0,298;0,094;0,493;0,023;0,574
0,855;0,109;0,295;0,713;0,856;0,689;0,082;0,293;0,379;0,084;0,707;0,34;0,728;0,125;0,765
0,758;0,87;0,437;0,42;0,098;0,829;0,624;0,183;0,855;0,771;0,686;0,342;0,77;0,223;0,055
0,23;0,777;0,484;0,173;0,055;0,709;0,925;0,709;0,639;0,226;0,52;0,205;0,32;0,773;0,781
0,987;0,482;0,007;0,465;0,222;0,472;0,856;0,529;0,107;0,478;0,218;0,278;0,842;0,95;0,728
0,21;0,393;0,601;0,722;0,075;0,03;0,326;0,375;0,551;0,691;0,653;0,735;0,476;0,898;0,632
0,956;0,255;0,283;0,71;0,914;0,311;0,255;0,143;0,434;0,544;0,437;0,758;0,4;0,291;0,298
0,716;0,843;0,422;0,307;0,564;0,79;0,137;0,816;0,348;0,814;0,485;0,999;0,411;0,394;0,821
0,48;0,561;0,107;0,728;0,844;0,396;0,952;0,037;0,134;0,914;0,182;0,113;0,097;0,573;0,17
0,625;0,657;0,261;0,675;0,963;0,581;0,564;0,979;0,073;0,331;0,236;0,864;0,662;0,019;0,921
0,955;0,026;0,635;0,32;0,419;0,226;0,34;0,123;0,426;0,638;0,983;0,996;0,757;0,095;0,027
0,59;0,196;0,185;0,501;0,471;0,266;0,142;0,573;0,936;0,672;0,962;0,747;0,109;0,959;0,22
0,866;0,925;0,257;0,633;0,002;0,599;0,464;0,008;0,038;0,839;0,005;0,327;0,256;0,601;0,072
0,613;0,5;0,318;0,294;0,168;0,023;0,71;0,602;0,001;0,528;0,602;0,733;0,482;0,782;0,97
0,46;0,506;0,029;0,101;0,361;0,132;0,131;0,233;0,465;0,183;0,345;0,512;0,291;0,594;0,336
0,892;0,855;0,348;0,392;0,589;0,03;0,275;0,048;0,509;0,105;0,51;0,901;0,564;0,344;0,888
0,081;0,425;0,429;0,555;0,676;0,421;0,366;0,724;0,468;0,1;0,891;0,212;0,659;0,744;0,036
0,006;0,12;0,87;0,853;0,423;0,655;0,622;0,255;0,794;0,352;0,397;0,675;0,86;0,427;0,044
0,343;0,752;0,887;0,821;0,264;0,332;0,483;0,45;0,934;0,964;0,295;0,289;0,072;0,894;0,582
0,706;0,633;0,813;0,317;0,193;0,193;0,273;0,038;0,76;0,324;0,262;0,571;0,157;0,069;0,054
0,395;0,737;0,054;0,353;0,71;0,075;0,543;0,547;0,793;0,607;0,891;0,921;0,142;0,173;0,847
0,696;0,77;0,519;0,265;0,947;0,844;0,791;0,223;0,212;0,967;0,184;0,344;0,224;0,19;0,697
0,183;0,493;0,515;0,035;0,348;0,013;0,905;0,011;0,973;0,107;0,953;0,454;0,533;0,222;0,512
0,082;0,403;0,76;0,239;0,856;0,205;0,691;0,273;0,194;0,438;0,353;0,663;0,027;0,094;0,387
0,311;0,482;0,207;0,868;0,846;0,289;0,148;0,021;0,535;0,942;0,685;0,986;0,799;0,786;0,032
0,164;0,805;0,767;0,576;0,725;0,409;0,814;0,426;0,877;0,044;0,853;0,049;0,117;0,49;0,723
0,381;0,04;0,888;0,506;0,885;0,524;0,787;0,913;0,21;0,968;0,416;0,509;0,452;0,577;0,273
0,703;0,811;0,404;0,416;0,179;0,201;0,507;0,289;0,164;0,952;0,595;0,898;0,491;0,951;0,049
0,592;0,279;0,121;0,005;0,366;0,579;0,197;0,468;0,025;0,295;0,489;0,459;0,72;0,817;0,134
0,385;0,0;0,354;0,632;0,783;0,618;0,044;0,423;0,465;0,955;0,97;0,64;0,084;0,986;0,378
0,107;0,13;0,778;0,619;0,894;0,235;0,778;0,18;0,949;0,534;0,609;0,74;0,741;0,087;0,615
0,103;0,307;0,752;0,51;0,598;0,036;0,823;0,886;0,206;0,793;0,742;0,527;0,485;0,885;0,785
0,709;0,69;0,934;0,956;0,821;0,596;0,798;0,659;0,433;0,749;0,129;0,673;0,363;0,972;0,521
0,388;0,833;0,799;0,789;0,461;0,27;0,628;0,314;0,248;0,933;0,831;0,598;0,875;0,779;0,008
0,233;0,593;0,606;0,009;0,286;0,651;0,551;0,563;0,327;0,579;0,19;0,937;0,157;0,558;0,915
0,688;0,243;0,767;0,835;0,62;0,659;0,783;0,069;0,176;0,472;0,237;0,436;0,231;0,159;0,996
0,35;0,311;0,407;0,236;0,417;0,872;0,92;0,54;0,523;0,511;0,267;0,488;0,382;0,613;0,713
0,017;0,871;0,316;0,677;0,247;0,786;0,188;0,06;0,659;0,907;0,699;0,337;0,417;0,485;0,323
0,761;0,262;0,761;0,724;0,563;0,838;0,636;0,902;0,577;0,832;0,054;0,896;0,146;0,262;0,3
0,011;0,858;0,727;0,338;0,868;0,697;0,919;0,436;0,662;0,002;0,843;0,024;0,834;0,208;0,321
0,096;0,318;0,608;0,331;0,638;0,467;0,412;0,042;0,06;0,668;0,528;0,173;0,688;0,71;0,364
0,492;0,275;0,326;0,41;0,387;0,374;0,577;0,243;0,379;0,517;0,504;0,801;0,906;0,824;0,986
0,493;0,209;0,906;0,821;0,82;0,673;0,201;0,839;0,648;0,399;0,322;0,749;0,818;0,751;0,998
0,636;0,191;0,188;0,631;0,762;0,011;0,565;0,004;0,794;0,346;0,052;0,115;0,107;0,102;0,024
0,568;0,873;0,565;0,992;0,788;0,926;0,695;0,675;0,667;0,505;0,873;0,615;0,573;0,686;0,61
0,266;0,141;0,345;0,302;0,804;0,348;0,711;0,247;0,053;0,602;0,23;0,044;0,406;0,649;0,113
0,5;0,269;0,729;0,627;0,849;0,318;0,176;0,329;0,743;0,994;0,198;0,471;0,021;0,178;0,069
0,708;0,222;0,223;0,502;0,166;0,268;0,016;0,984;0,717;0,419;0,662;0,659;0,066;0,633;0,812
0,057;0,684;0,511;0,103;0,485;0,209;0,114;0,865;0,645;0,934;0,747;0,004;0,369;0,324;0,116
0,678;0,36;0,48;0,799;0,495;0,596;0,289;0,927;0,124;0,727;0,877;0,763;0,77;0,988;0,164
0,294;0,744;0,901;0,533;0,946;0,085;0,045;0,655;0,185;0,761;0,104;0,842;0,038;0,659;0,893
0,49;0,763;0,487;0,759;0,102;0,75;0,198;0,712;0,131;0,348;0,264;0,192;0,408;0,161;0,77
0,458;0,793;0,478;0,546;0,905;0,27;0,704;0,548;0,967;0,23;0,199;0,411;0,158;0,906;0,915
0,83;0,496;0,383;0,946;0,584;0,724;0,771;0,368;0,018;0,213;0,911;0,939;0,405;0,549;0,027
0,261;0,402;0,625;0,703;0,229;0,01;0,206;0,236;0,744;0,915;0,464;0,84;0,535;0,731;0,473
0,262;0,07;0,178;0,154;0,013;0,247;0,518;0,91;0,634;0,933;0,208;0,758;0,632;0,043;0,871
0,448;0,706;0,713;0,647;0,143;0,421;0,013;0,338;0,767;0,195;0,2;0,297;0,126;0,754;0,423
0,823;0,615;0,661;0,412;0,524;0,02;0,748;0,469;0,089;0,715;0,009;0,234;0,031;0,765;0,176
0,627;0,683;0,352;0,896;0,065;0,243;0,068;0,586;0,236;0,849;0,716;0,495;0,867;0,167;0,754
0,398;0,341;0,591;0,522;0,632;0,673;0,913;0,748;0,341;0,204;0,37;0,462;0,901;0,272;0,609
0,144;0,259;0,965;0,301;0,858;0,202;0,124;0,861;0,264;0,43;0,47;0,065;0,211;0,826;0,019
0,899;0,643;0,051;0,763;0,228;0,939;0,194;0,755;0,079;0,004;0,672;0,651;0,481;0,772;0,427
0,242;0,053;0,505;0,882;0,252;0,689;0,058;0,137;0,409;0,659;0,405;0,254;0,788;0,161;0,893
0,507;0,162;0,976;0,374;0,711;0,896;0,365;0,472;0,797;0,909;0,229;0,824;0,801;0,002;0,497
0,33;0,941;0,944;0,089;0,805;0,057;0,033;0,239;0,798;0,851;0,682;0,176;0,15;0,093;0,78
0,249;0,239;0,473;0,886;0,858;0,63;0,321;0,646;0,654;0,725;0,632;0,338;0,296;0,197;0,604
0,385;0,596;0,426;0,166;0,806;0,212;0,599;0,396;0,147;0,229;0,827;0,288;0,564;0,382;0,983
0,214;0,753;0,067;0,706;0,914;0,971;0,837;0,859;0,399;0,719;0,197;0,85;0,224;0,953;0,505
0,931;0,027;0,78;0,042;0,555;0,754;0,84;0,816;0,667;0,793;0,87;0,85;0,84;0,291;0,626
0,739;0,982;0,396;0,284;0,622;0,319;0,903;0,369;0,882;0,112;0,174;0,479;0,616;0,934;0,22
0,102;0,802;0,87;0,479;0,702;0,967;0,588;0,162;0,27;0,863;0,563;0,627;0,592;0,025;0,516
0,459;0,059;0,72;0,609;0,608;0,077;0,589;0,671;0,014;0,444;0,814;0,387;0,328;0,528;0,2
0,842;0,717;0,108;0,89;0,993;0,117;0,504;0,842;0,604;0,709;0,505;0,802;0,933;0,401;0,231
0,495;0,823;0,565;0,007;0,945;0,526;0,055;0,203;0,727;0,658;0,633;0,873;0,196;0,107;0,6
0,706;0,468;0,965;0,884;0,286;0,441;0,711;0,76;0,872;0,979;0,399;0,071;0,211;0,869;0,425
0,237;0,402;0,064;0,947;0,534;0,977;0,969;0,723;0,702;0,402;0,88;0,777;0,319;0,988;0,043
0,57;0,331;0,807;0,156;0,521;0,871;0,994;0,778;0,441;0,54;0,294;0,499;0,434;0,503;0,312
0,613;0,915;0,81;0,713;0,945;0,117;0,633;0,47;0,228;0,097;0,895;0,092;0,984;0,125;0,651
0,663;0,327;0,706;0,27;0,223;0,274;0,006;0,449;0,388;0,379;0,225;0,971;0,058;0,446;0,431
0,08;0,854;0,46;0,533;0,002;0,233;0,969;0,221;0,432;0,685;0,186;0,677;0,673;0,329;0,826
0,178;0,259;0,036;0,585;0,813;0,252;0,743;0,328;0,92;0,192;0,897;0,45;0,176;0,325;0,351
0,178;0,827;0,481;0,667;0,89;0,696;0,426;0,073;0,668;0,368;0,007;0,245;0,746;0,277;0,363
0,129;0,285;0,342;0,366;0,354;0,721;0,064;0,059;0,818;0,914;0,947;0,913;0,418;0,504;0,85
0,174;0,807;0,936;0,135;0,03;0,666;0,006;0,429;0,618;0,567;0,117;0,502;0,737;0,238;0,552
0,499;0,542;0,591;0,173;0,891;0,907;0,863;0,348;0,876;0,28;0,81;0,907;0,287;0,199;0,771
0,319;0,37;0,107;0,599;0,006;0,122;0,859;0,624;0,211;0,009;0,903;0,308;0,967;0,743;0,727
0,46;0,718;0,17;0,515;0,718;0,366;0,551;0,37;0,887;0,283;0,374;0,446;0,707;0,474;0,089
0,602;0,58;0,895;0,297;0,076;0,048;0,956;0,623;0,53;0,424;0,464;0,279;0,844;0,723;0,669
0,047;0,619;0,422;0,078;0,47;0,158;0,328;0,264;0,231;0,662;0,272;0,179;0,196;0,943;0,737
0,586;0,194;0,507;0,203;0,954;0,698;0,349;0,899;0,498;0,805;0,358;0,247;0,01;0,215;0,145
0,16;0,127;0,033;0,315;0,195;0,996;0,532;0,163;0,423;0,272;0,986;0,98;0,58;0,008;0,6
0,167;0,639;0,145;0,183;0,97;0,172;0,899;0,807;0,547;0,6;0,026;0,698;0,234;0,179;0,183
0,884;0,682;0,822;0,735;0,56;0,256;0,288;0,856;0,048;0,943;0,177;0,28;0,121;0,336;0,558
0,942;0,965;0,313;0,792;0,275;0,822;0,951;0,297;0,076;0,019;0,992;0,583;0,075;0,275;0,712
0,624;0,091;0,271;0,618;0,311;0,344;0,781;0,678;0,661;0,215;0,881;0,315;0,415;0,387;0,819
0,145;0,054;0,905;0,355;0,092;0,719;0,265;0,876;0,971;0,429;0,365;0,466;0,628;0,342;0,85
0,969;0,125;0,332;0,427;0,862;0,996;0,508;0,237;0,876;0,432;0,326;0,892;0,163;0,379;0,395
0,485;0,817;0,202;0,179;0,89;0,059;0,861;0,613;0,879;0,293;0,511;0,853;0,89;0,189;0,009
0,857;0,36;0,452;0,413;0,733;0,444;0,323;0,888;0,553;0,463;0,287;0,824;0,25;0,081;0,687
0,315;0,209;0,252;0,362;0,171;0,551;0,582;0,536;0,392;0,575;0,388;0,541;0,746;0,824;0,018
0,481;0,962;0,521;0,189;0,765;0,77;0,435;0,865;0,144;0,514;0,057;0,191;0,554;0,639;0,726
0,148;0,819;0,773;0,846;0,229;0,286;0,034;0,918;0,468;0,826;0,077;0,97;0,233;0,784;0,19
0,685;0,601;0,508;0,368;0,744;0,455;0,123;0,074;0,228;0,04;0,121;0,538;0,352;0,854;0,328
0,662;0,321;0,855;0,947;0,989;0,609;0,69;0,401;0,988;0,849;0,407;0,962;0,794;0,835;0,719
0,581;0,498;0,529;0,683;0,857;0,963;0,425;0,964;0,182;0,99;0,852;0,486;0,33;0,058;0,232
0,912;0,339;0,232;0,023;0,582;0,332;0,9;0,799;0,762;0,229;0,304;0,932;0,076;0,891;0,191
0,864;0,259;0,392;0,545;0,599;0,523;0,901;0,777;0,624;0,203;0,194;0,843;0,253;0,379;0,191
0,814;0,72;0,262;0,711;0,032;0,943;0,209;0,376;0,171;0,997;0,446;0,504;0,528;0,203;0,3
0,981;0,492;0,093;0,088;0,805;0,246;0,772;0,372;0,294;0,124;0,329;0,343;0,474;0,281;0,546
0,785;0,87;0,08;0,312;0,921;0,632;0,174;0,747;0,929;0,613;0,873;0,825;0,812;0,511;0,141
0,108;0,503;0,429;0,039;0,264;0,733;0,418;0,397;0,714;0,353;0,391;0,667;0,681;0,926;0,825
0,509;0,218;0,003;0,77;0,088;0,922;0,887;0,993;0,663;0,328;0,364;0,768;0,755;0,543;0,368
0,994;0,385;0,238;0,218;0,32;0,493;0,565;0,507;0,549;0,634;0,613;0,409;0,126;0,464;0,391
0,839;0,62;0,552;0,331;0,709;0,856;0,245;0,945;0,18;0,786;0,919;0,922;0,756;0,255;0,963
0,511;0,391;0,042;0,334;0,426;0,457;0,877;0,924;0,541;0,539;0,234;0,208;0,615;0,103;0,195
0,44;0,218;0,582;0,053;0,589;0,436;0,433;0,51;0,707;0,764;0,327;0,246;0,179;0,999;0,599
0,636;0,374;0,327;0,439;0,371;0,1;0,6;0,012;0,508;0,753;0,023;0,344;0,342;0,119;0,498
0,316;0,477;0,415;0,942;0,135;0,246;0,96;0,732;0,911;0,563;0,29;0,208;0,312;0,114;0,922
0,878;0,031;0,548;0,851;0,56;0,785;0,473;0,8;0,993;0,844;0,744;0,487;0,725;0,506;0,552
0,694;0,016;0,584;0,246;0,858;0,909;0,228;0,916;0,679;0,184;0,084;0,055;0,958;0,613;0,537
0,736;0,142;0,285;0,106;0,777;0,343;0,874;0,22;0,895;0,868;0,247;0,618;0,088;0,162;0,849
0,67;0,351;0,587;0,369;0,148;0,353;0,256;0,443;0,903;0,485;0,605;0,042;0,607;0,823;0,268
0,31;0,808;0,464;0,531;0,717;0,177;0,48;0,337;0,172;0,498;0,6;0,539;0,737;0,843;0,026
0,507;0,041;0,909;0,865;0,885;0,325;0,277;0,949;0,643;0,252;0,694;0,832;0,528;0,55;0,924
0,515;0,015;0,485;0,996;0,916;0,508;0,067;0,46;0,664;0,686;0,531;0,759;0,731;0,986;0,623
0,658;0,994;0,367;0,705;0,141;0,448;0,025;0,45;0,218;0,983;0,927;0,53;0,27;0,027;0,342
0,931;0,589;0,227;0,602;0,114;0,116;0,113;0,754;0,645;0,632;0,989;0,226;0,293;0,492;0,593
0,719;0,888;0,567;0,342;0,328;0,112;0,653;0,13;0,806;0,08;0,454;0,918;0,465;0,981;0,847
0,187;0,84;0,892;0,456;0,123;0,733;0,041;0,699;0,493;0,916;0,969;0,884;0,766;0,18;0,03
0,708;0,878;0,299;0,99;0,741;0,959;0,235;0,765;0,352;0,336;0,414;0,219;0,626;0,613;0,911
0,294;0,842;0,803;0,75;0,623;0,509;0,792;0,528;0,74;0,045;0,937;0,74;0,925;0,661;0,663
0,866;0,025;0,012;0,952;0,73;0,583;0,413;0,94;0,854;0,814;0,644;0,81;0,66;0,622;0,803
0,144;0,13;0,862;0,038;0,886;0,149;0,433;0,268;0,757;0,925;0,351;0,691;0,873;0,987;0,467
0,217;0,563;0,226;0,996;0,299;0,875;0,681;0,738;0,707;0,472;0,366;0,278;0,699;0,595;0,339
0,114;0,922;0,439;0,484;0,179;0,745;0,692;0,357;0,377;0,167;0,177;0,233;0,462;0,438;0,994
0,054;0,544;0,458;0,553;0,934;0,302;0,225;0,881;0,696;0,331;0,39;0,928;0,273;0,018;0,625
0,744;0,391;0,821;0,321;0,61;0,626;0,044;0,115;0,929;0,801;0,975;0,67;0,445;0,446;0,276
0,622;0,836;0,785;0,201;0,946;0,285;0,723;0,97;0,61;0,001;0,383;0,885;0,578;0,392;0,421
0,022;0,652;0,156;0,896;0,404;0,612;0,64;0,962;0,465;0,05;0,589;0,431;0,926;0,457;0,027
0,72;0,669;0,74;0,757;0,679;0,185;0,332;0,081;0,079;0,751;0,725;0,903;0,329;0,509;0,5
0,366;0,378;0,965;0,176;0,656;0,568;0,04;0,417;0,489;0,804;0,679;0,17;0,473;0,205;0,534
0,407;0,572;0,374;0,178;0,227;0,153;0,318;0,394;0,578;0,14;0,169;0,004;0,945;0,817;0,673
0,762;0,47;0,097;0,298;0,459;0,039;0,907;0,222;0,817;0,023;0,103;0,599;0,034;0,7;0,538
0,274;0,145;0,956;0,871;0,853;0,184;0,36;0,865;0,58;0,348;0,897;0,755;0,621;0,45;0,887
0,776;0,541;0,242;0,318;0,643;0,882;0,802;0,199;0,898;0,476;0,569;0,892;0,98;0,287;0,525
0,642;0,148;0,407;0,426;0,656;0,78;0,743;0,765;0,777;0,028;0,903;0,644;0,448;0,038;0,511
0,547;0,131;0,24;0,747;0,058;0,523;0,678;0,087;0,639;0,134;0,061;0,61;0,615;0,472;0,761
0,615;0,936;0,701;0,977;0,467;0,6;0,733;0,14;0,282;0,134;0,764;0,861;0,567;0,307;0,815
0,651;0,136;0,975;0,977;0,353;0,704;0,736;0,877;0,382;0,162;0,908;0,842;0,816;0,824;0,402
0,95;0,917;0,33;0,641;0,955;0,949;0,551;0,018;0,402;0,685;0,399;0,096;0,562;0,113;0,021
0,3;0,548;0,793;0,912;0,61;0,597;0,972;0,973;0,695;0,62;0,6;0,767;0,643;0,62;0,076
0,676;0,454;0,688;0,211;0,294;0,076;0,213;0,298;0,259;0,901;0,146;0,2;0,248;0,407;0,644
0,308;0,791;0,343;0,788;0,715;0,004;0,689;0,78;0,081;0,373;0,922;0,589;0,901;0,78;0,113
0,622;0,304;0,566;0,982;0,763;0,224;0,963;0,168;0,659;0,611;0,427;0,783;0,948;0,618;0,889
0,791;0,506;0,946;0,982;0,215;0,283;0,114;0,609;0,537;0,426;0,454;0,032;0,626;0,407;0,315
0,882;0,914;0,991;0,358;0,994;0,799;0,802;0,826;0,533;0,716;0,528;0,075;0,718;0,831;0,319
0,843;0,177;0,709;0,531;0,789;0,513;0,228;0,004;0,276;0,139;0,473;0,237;0,203;0,477;0,121
0,38;0,238;0,179;0,829;0,664;0,537;0,648;0,655;0,91;0,273;0,02;0,751;0,553;0,049;0,33
0,195;0,58;0,529;0,005;0,212;0,237;0,534;0,067;0,615;0,254;0,063;0,997;0,125;0,138;0,554
0,993;0,218;0,877;0,868;0,01;0,156;0,551;0,086;0,286;0,326;0,913;0,139;0,538;0,686;0,621
0,299;0,178;0,325;0,218;0,957;0,619;0,908;0,95;0,048;0,139;0,448;0,091;0,988;0,571;0,699
0,348;0,718;0,558;0,184;0,411;0,636;0,048;0,792;0,593;0,804;0,432;0,947;0,423;0,526;0,408
0,784;0,216;0,632;0,365;0,823;0,716;0,833;0,428;0,735;0,485;0,869;0,058;0,188;0,41;0,494
0,516;0,811;0,142;0,406;0,381;0,419;0,179;0,528;0,136;0,755;0,495;0,791;0,47;0,718;0,264
0,727;0,261;0,664;0,386;0,483;0,621;0,592;0,231;0,348;0,981;0,847;0,095;0,09;0,234;0,247
0,939;0,824;0,32;0,096;0,897;0,68;0,405;0,696;0,572;0,924;0,012;0,533;0,185;0,866;0,61
0,664;0,415;0,253;0,453;0,743;0,337;0,829;0,317;0,189;0,264;0,539;0,24;0,66;0,921;0,656
0,049;0,436;0,321;0,852;0,093;0,42;0,114;0,757;0,304;0,56;0,655;0,419;0,662;0,23;0,828
0,464;0,672;0,979;0,77;0,92;0,506;0,584;0,783;0,407;0,552;0,438;0,952;0,873;0,824;0,427
0,154;0,68;0,749;0,581;0,361;0,238;0,803;0,27;0,079;0,476;0,175;0,871;0,331;0,329;0,282
0,929;0,728;0,383;0,076;0,857;0,281;0,892;0,315;0,264;0,71;0,165;0,239;0,971;0,62;0,265
0,646;0,236;0,39;0,45;0,96;0,273;0,707;0,418;0,009;0,662;0,834;0,893;0,324;0,636;0,457
0,38;0,322;0,64;0,38;0,697;0,357;0,915;0,462;0,381;0,256;0,857;0,802;0,669;0,686;0,856
0,868;0,195;0,402;0,631;0,248;0,357;0,073;0,293;0,937;0,191;0,423;0,415;0,097;0,811;0,687
0,765;0,051;0,903;0,849;0,668;0,307;0,023;0,991;0,518;0,045;0,771;0,193;0,731;0,508;0,583
0,861;0,669;0,251;0,111;0,571;0,173;0,451;0,627;0,868;0,383;0,712;0,541;0,61;0,225;0,322
0,865;0,635;0,835;0,95;0,39;0,658;0,821;0,893;0,474;0,778;0,243;0,426;0,817;0,073;0,373
0,106;0,425;0,053;0,855;0,717;0,432;0,886;0,774;0,598;0,838;0,469;0,964;0,819;0,869;0,067
0,23;0,512;0,46;0,606;0,871;0,044;0,371;0,887;0,22;0,452;0,403;0,562;0,145;0,03;0,102
0,813;0,534;0,363;0,534;0,721;0,623;0,055;0,576;0,809;0,135;0,65;0,009;0,507;0,309;0,289
0,888;0,014;0,02;0,752;0,807;0,271;0,354;0,686;0,262;0,702;0,759;0,603;0,025;0,574;0,864
0,948;0,591;0,913;0,106;0,823;0,294;0,033;0,761;0,693;0,561;0,679;0,958;0,951;0,976;0,282
0,748;0,048;0,756;0,664;0,01;0,151;0,787;0,349;0,194;0,307;0,99;0,786;0,847;0,494;0,053
0,452;0,975;0,778;0,115;0,839;0,376;0,487;0,516;0,483;0,738;0,053;0,198;0,999;0,616;0,646
0,298;0,013;0,674;0,316;0,256;0,467;0,855;0,888;0,869;0,117;0,169;0,859;0,734;0,1;0,0
0,372;0,155;0,494;0,56;0,674;0,044;0,737;0,735;0,037;0,741;0,252;0,031;0,177;0,455;0,657
0,71;0,061;0,664;0,496;0,584;0,36;0,823;0,393;0,701;0,331;0,283;0,707;0,436;0,202;0,937
0,591;0,409;0,954;0,839;0,834;0,098;0,048;0,262;0,814;0,331;0,357;0,299;0,149;0,607;0,782
0,155;0,016;0,03;0,371;0,174;0,027;0,393;0,788;0,262;0,694;0,083;0,288;0,275;0,783;0,776
0,933;0,246;0,245;0,832;0,681;0,244;0,826;0,482;0,613;0,385;0,625;0,746;0,854;0,511;0,539
0,711;0,931;0,256;0,653;0,157;0,187;0,401;0,235;0,728;0,094;0,707;0,451;0,787;0,948;0,246
0,849;0,286;0,839;0,794;0,751;0,915;0,127;0,89;0,542;0,128;0,49;0,839;0,958;0,703;0,561
0,461;0,136;0,911;0,193;0,417;0,847;0,187;0,58;0,426;0,94;0,046;0,454;0,61;0,613;0,534
0,266;0,593;0,516;0,346;0,613;0,989;0,423;0,816;0,977;0,21;0,031;0,603;0,681;0,209;0,156
0,701;0,151;0,572;0,525;0,952;0,444;0,008;0,265;0,733;0,883;0,681;0,518;0,284;0,024;0,012
0,713;0,087;0,014;0,087;0,853;0,96;0,509;0,282;0,153;0,639;0,219;0,916;0,648;0,09;0,94
0,506;0,616;0,169;0,903;0,151;0,405;0,575;0,382;0,397;0,778;0,042;0,729;0,033;0,783;0,109
0,316;0,705;0,811;0,088;0,079;0,36;0,054;0,506;0,401;0,438;0,885;0,263;0,986;0,741;0,794
0,615;0,073;0,275;0,441;0,239;0,702;0,591;0,867;0,838;0,885;0,674;0,589;0,649;0,226;0,313
0,907;0,508;0,221;0,967;0,253;0,891;0,276;0,269;0,68;0,21;0,174;0,006;0,975;0,606;0,532
0,495;0,471;0,508;0,137;0,371;0,635;0,623;0,338;0,814;0,753;0,659;0,04;0,508;0,648;0,681
0,046;0,295;0,979;0,595;0,473;0,212;0,359;0,348;0,693;0,547;0,347;0,409;0,699;0,008;0,861
0,752;0,166;0,794;0,456;0,62;0,644;0,928;0,881;0,66;0,941;0,425;0,25;0,45;0,457;0,584
0,559;0,319;0,972;0,17;0,506;0,861;0,756;0,971;0,34;0,396;0,976;0,694;0,392;0,432;0,542
0,633;0,518;0,46;0,31;0,078;0,139;0,601;0,595;0,479;0,048;0,42;0,489;0,557;0,905;0,568
0,005;0,842;0,573;0,795;0,545;0,545;0,151;0,457;0,379;0,702;0,12;0,959;0,209;0,432;0,485
0,284;0,104;0,993;0,075;0,929;0,24;0,467;0,214;0,295;0,348;0,405;0,631;0,654;0,608;0,361
0,327;0,079;0,084;0,791;0,132;0,482;0,712;0,617;0,241;0,448;0,327;0,699;0,34;0,168;0,442
0,194;0,46;0,759;0,565;1,0;0,035;0,384;0,016;0,947;0,068;0,566;0,102;0,459;0,793;0,753
0,745;0,274;0,929;0,429;0,929;0,922;0,637;0,688;0,848;0,786;0,515;0,577;0,741;0,692;0,459
0,421;0,94;0,752;0,703;0,45;0,913;0,373;0,726;0,675;0,305;0,601;0,129;0,002;0,673;0,213
0,204;0,386;0,873;0,349;0,641;0,365;0,427;0,567;0,033;0,122;0,286;0,741;0,616;0,038;0,279
0,517;0,906;0,978;0,573;0,064;0,898;0,059;0,866;0,348;0,484;0,891;0,104;0,433;0,693;0,144
0,409;0,329;0,108;0,089;0,671;0,526;0,589;0,647;0,695;0,046;0,552;0,887;0,587;0,481;0,556
0,97;0,209;0,162;0,445;0,067;0,299;0,639;0,185;0,671;0,279;0,85;0,565;0,041;0,235;0,219
0,41;0,446;0,703;0,53;0,979;0,119;0,316;0,521;0,736;0,623;0,825;0,005;0,309;0,563;0,011
0,994;0,477;0,011;0,488;0,172;0,274;0,382;0,392;0,136;0,731;0,992;0,517;0,705;0,53;0,996
0,17;0,508;0,419;0,859;0,882;0,629;0,753;0,148;0,515;0,317;0,849;0,358;0,437;0,918;0,018
0,629;0,059;0,045;0,835;0,187;0,003;0,857;0,335;0,146;0,285;0,35;0,378;0,589;0,316;0,624
0,536;0,067;0,933;0,572;0,392;0,561;0,777;0,307;0,445;0,118;0,433;0,397;0,231;0,071;0,244
0,677;0,071;0,16;0,054;0,396;0,432;0,618;0,312;0,251;0,575;0,147;0,913;0,771;0,165;0,052
0,65;0,9;0,586;0,355;0,608;0,312;0,845;0,331;0,788;0,548;0,557;0,282;0,189;0,846;0,902
0,045;0,941;0,506;0,68;0,282;0,285;0,388;0,545;0,747;0,479;0,859;0,592;0,412;0,47;0,033
0,616;0,477;0,506;0,385;0,83;0,919;0,26;0,261;0,548;0,273;0,224;0,798;0,84;0,961;0,751
0,951;0,268;0,99;0,115;0,645;0,29;0,571;0,218;0,523;0,028;0,802;0,668;0,719;0,638;0,411
0,764;0,893;0,91;0,809;0,425;0,065;0,913;0,802;0,677;0,861;0,098;0,27;0,498;0,665;0,304
0,23;0,088;0,853;0,793;0,03;0,23;0,471;0,258;0,398;0,265;0,351;0,647;0,008;0,676;0,708
0,5;0,087;0,632;0,569;0,184;0,983;0,34;0,331;0,308;0,812;0,567;0,775;0,821;0,132;0,104
0,845;0,655;0,651;0,472;0,507;0,422;0,891;0,403;0,825;0,966;0,521;0,267;0,024;0,98;0,881
0,593;0,086;0,34;0,396;0,782;0,435;0,051;0,998;0,686;0,945;0,916;0,522;0,921;0,486;0,891
0,469;0,151;0,16;0,594;0,659;0,949;0,102;0,446;0,291;0,299;0,045;0,36;0,859;0,874;0,741
0,301;0,002;0,175;0,25;0,91;0,256;0,363;0,499;0,882;0,36;0,253;0,704;0,284;0,789;0,365
0,265;0,636;0,296;0,942;0,129;0,844;0,19;0,228;0,072;0,506;0,865;0,943;0,883;0,889;0,066
0,285;0,116;0,67;0,107;0,965;0,194;0,928;0,308;0,549;0,611;0,208;0,515;0,221;0,249;0,281
0,628;0,874;0,731;0,562;0,768;0,918;0,735;0,022;0,185;0,964;0,794;0,731;0,361;0,988;0,904
0,781;0,679;0,808;0,243;0,6;0,623;0,663;0,592;0,123;0,686;0,048;0,525;0,058;0,672;0,51
0,432;0,033;0,918;0,601;0,031;0,232;1,0;0,519;0,615;0,108;0,72;0,571;0,433;0,626;0,722
0,009;0,265;0,436;0,918;0,055;0,796;0,011;0,39;0,313;0,025;0,523;0,564;0,288;0,902;0,821
0,698;0,901;0,37;0,275;0,492;0,949;0,679;0,226;0,239;0,874;0,207;0,02;0,757;0,135;0,181
0,047;0,08;0,123;0,621;0,735;0,291;0,464;0,978;0,575;0,432;0,601;0,453;0,898;0,218;0,847
0,972;0,836;0,965;0,673;0,849;0,626;0,373;0,993;0,128;0,239;0,873;0,072;0,694;0,683;0,096
0,96;0,124;0,822;0,807;0,642;0,501;0,076;0,823;0,292;0,591;0,128;0,387;0,433;0,624;0,269
0,852;0,63;0,447;0,736;0,076;0,868;0,522;0,348;0,435;0,563;0,823;0,067;0,901;0,737;0,517
0,669;0,999;0,225;0,349;0,342;0,606;0,099;0,674;0,991;0,981;0,419;0,489;0,331;0,23;0,834
0,201;0,862;0,191;0,596;0,193;0,102;0,857;0,374;0,287;0,779;0,147;0,858;0,811;0,304;0,945
0,611;0,118;0,198;0,899;0,151;0,963;0,032;0,207;0,053;0,975;0,678;0,307;0,131;0,508;0,647
0,232;0,914;0,864;0,703;0,85;0,222;0,652;0,541;0,197;0,889;0,605;0,806;0,466;0,618;0,368
0,248;0,43;0,143;0,633;0,743;0,124;0,743;0,383;0,359;0,585;0,046;0,401;0,085;0,579;0,047
0,259;0,713;0,853;0,358;0,268;0,441;0,725;0,258;0,141;0,156;0,879;0,463;0,725;0,48;0,684
0,98;0,493;0,023;0,726;0,761;0,03;0,306;0,809;0,615;0,1;0,494;0,832;0,687;0,678;0,551
0,87;0,554;0,838;0,555;0,514;0,235;0,409;0,706;0,972;0,065;0,543;0,695;0,552;0,421;0,536
0,266;0,307;0,597;0,129;0,202;0,344;0,181;0,892;0,992;0,75;0,888;0,832;0,514;0,5;0,366
0,716;0,985;0,41;0,919;0,448;0,365;0,123;0,392;0,5;0,451;0,239;0,613;0,667;0,563;0,24
0,111;0,398;0,872;0,131;0,395;0,526;0,728;0,732;0,332;0,788;0,981;0,547;0,768;0,454;0,139
0,654;0,494;0,16;0,735;0,206;0,783;0,105;0,145;0,583;0,554;0,03;0,072;0,694;0,296;0,282
0,962;0,327;0,138;0,474;0,836;0,674;0,02;0,85;0,529;0,867;0,561;0,802;0,441;0,325;0,272
0,218;0,977;0,016;0,421;0,54;0,544;0,011;0,692;0,457;0,72;0,961;0,019;0,804;0,525;0,356
0,279;0,274;0,073;0,756;0,397;0,79;0,859;0,085;0,92;0,518;0,215;0,029;0,709;0,535;0,785
0,861;0,324;0,692;0,769;0,608;0,276;0,881;0,067;0,59;0,166;0,87;0,895;0,155;0,596;0,73
0,221;0,08;0,244;0,951;0,644;0,723;0,289;0,265;0,928;0,505;0,11;0,044;0,092;0,887;0,452
0,99;0,427;0,969;0,454;0,991;0,51;0,093;0,464;0,524;0,17;0,016;0,256;0,927;0,503;0,6
0,108;0,701;0,149;0,709;0,304;0,088;0,502;0,671;0,604;0,721;0,244;0,392;0,248;0,777;0,591
0,901;0,634;0,518;0,75;0,756;0,21;0,208;0,75;0,519;0,98;0,787;0,611;0,588;0,738;0,956
0,329;0,429;0,392;0,871;0,936;0,052;0,724;0,144;0,333;0,316;0,613;0,024;0,49;0,271;0,499
0,698;0,48;0,429;0,614;0,786;0,842;0,762;0,229;0,773;0,603;0,049;0,438;0,974;0,624;0,308
0,183;0,413;0,802;0,146;0,254;0,202;0,84;0,44;0,953;0,696;0,463;0,724;0,576;0,53;0,568
0,645;0,286;0,253;0,715;0,696;0,928;0,155;0,836;0,654;0,02;0,779;0,257;0,094;0,383;0,059
0,476;0,176;0,045;0,129;0,954;0,223;0,26;0,802;0,64;0,236;0,755;0,619;0,757;0,547;0,685
0,885;0,804;0,438;0,479;0,52;0,304;0,781;0,557;0,211;0,13;0,938;0,974;0,556;0,924;0,953
0,338;0,589;0,334;0,738;0,624;0,841;0,051;0,083;0,557;0,937;0,398;0,743;0,38;0,357;0,119
0,471;0,486;0,75;0,947;0,844;0,127;0,521;0,697;0,602;0,768;0,551;0,8;0,263;0,869;0,664
0,463;0,73;0,024;0,406;0,283;0,59;0,705;0,976;0,531;0,605;0,888;0,476;0,327;0,771;0,538
0,009;0,843;0,103;0,098;0,223;0,318;0,679;0,464;0,755;0,535;0,86;0,414;0,05;0,824;0,115
0,946;0,622;0,888;0,662;0,112;0,96;0,739;0,209;0,556;0,435;0,969;0,159;0,516;0,723;0,606
0,926;0,553;0,247;0,744;0,392;0,674;0,108;0,15;0,556;0,208;0,977;0,455;0,474;0,253;0,67
0,413;0,659;0,615;0,809;0,468;0,205;0,815;0,548;0,314;0,93;0,25;0,209;0,122;0,471;0,116
0,722;0,385;0,453;0,455;0,388;0,045;0,9;0,153;0,625;0,239;0,31;0,748;0,292;0,12;0,2
0,712;0,886;0,947;0,456;0,945;0,812;0,846;0,622;0,516;0,756;0,509;0,589;0,83;0,048;0,171
0,833;0,114;0,18;0,272;0,884;0,162;0,36;0,626;0,765;0,504;0,368;0,007;0,233;0,872;0,298
0,598;0,319;0,275;0,569;0,338;0,36;0,809;0,511;0,535;0,524;0,367;0,279;0,448;0,491;0,978
0,261;0,549;0,183;0,38;0,505;0,59;0,751;0,316;0,779;0,228;0,71;0,458;0,054;0,055;0,366
0,939;0,706;0,839;0,634;0,067;0,516;0,816;0,71;0,608;0,163;0,508;0,013;0,328;0,226;0,926
0,713;0,81;0,334;0,296;0,095;0,281;0,58;0,608;0,236;0,705;0,08;0,821;0,907;0,585;0,644
0,377;0,898;0,853;0,496;0,662;0,253;0,215;0,808;0,045;0,216;0,39;0,292;0,752;0,919;0,587
0,027;0,646;0,64;0,992;0,042;0,734;0,57;0,544;0,693;0,547;0,69;0,536;0,685;0,408;0,377
0,565;0,864;0,737;0,189;0,057;0,004;0,512;0,309;0,058;0,076;0,84;0,473;0,496;0,407;0,787
0,387;0,227;0,525;0,382;0,722;0,375;0,249;0,872;0,478;0,108;0,175;0,061;0,379;0,2;0,878
0,066;0,191;0,022;0,416;0,071;0,146;0,182;0,167;0,769;0,398;0,157;0,342;0,229;0,796;0,091
0,778;0,371;0,654;0,182;0,455;0,23;0,098;0,939;0,53;0,317;0,815;0,235;0,913;0,578;0,842
0,787;0,428;0,213;0,015;0,854;0,961;0,627;0,928;0,631;0,274;0,462;0,633;0,31;0,23;0,833
0,893;0,627;0,661;0,108;0,19;0,484;0,423;0,654;0,253;0,944;0,829;0,273;0,602;0,984;0,599
0,068;0,992;0,667;0,752;0,942;0,125;0,162;0,272;0,737;0,131;0,655;0,001;0,216;0,741;0,416
0,9;0,345;0,024;0,978;0,771;0,5;0,823;0,626;0,535;0,458;0,908;0,662;0,38;0,475;0,4
0,037;0,961;0,147;0,497;0,174;0,053;0,842;0,332;0,446;0,749;0,95;0,302;0,562;0,929;0,504
0,138;0,024;0,092;0,383;0,535;0,038;0,215;0,466;0,718;0,913;0,414;0,253;0,344;0,871;0,183
0,335;0,715;0,976;0,173;0,144;0,104;0,398;0,232;0,979;0,372;0,909;0,704;0,813;0,949;0,431
0,744;0,402;0,315;0,557;0,299;0,447;0,814;0,149;0,799;0,889;0,89;0,19;0,423;0,515;0,73
0,041;0,678;0,944;0,744;0,276;0,639;0,881;0,907;0,544;0,326;0,095;0,897;0,208;0,625;0,681
0,121;0,156;0,747;0,098;0,826;0,262;0,858;0,999;0,919;0,88;0,873;0,989;0,613;0,715;0,661
0,199;0,236;0,724;0,315;0,625;0,617;0,266;0,546;0,786;0,448;0,16;0,985;0,63;0,105;0,275
0,305;0,995;0,126;0,146;0,976;0,236;0,906;0,93;0,955;0,866;0,38;0,678;0,156;0,863;0,794
0,847;0,335;0,675;0,936;0,004;0,344;0,836;0,327;0,627;0,38;0,586;0,164;0,324;0,607;0,489
0,718;0,848;0,83;0,562;0,554;0,826;0,476;0,287;0,7;0,562;0,735;0,849;0,184;0,262;0,466
0,515;0,635;0,128;0,479;0,324;0,326;0,043;0,127;0,336;0,914;0,754;0,571;0,409;0,821;0,671
0,279;0,041;0,762;0,618;0,811;0,831;0,664;0,262;0,694;0,727;0,21;0,664;0,639;0,372;0,223
0,426;0,026;0,547;0,129;0,902;0,199;0,132;0,28;0,036;0,966;0,189;0,094;0,607;0,63;0,542
0,608;0,956;0,22;0,421;0,665;0,134;0,84;0,901;0,472;0,343;0,058;0,972;0,561;0,589;0,918
0,69;0,615;0,327;0,632;0,493;0,705;0,021;0,486;0,681;0,968;0,989;0,933;0,275;0,612;0,241
0,048;0,553;0,229;0,746;0,382;0,838;0,529;0,573;0,014;0,341;0,623;0,984;0,048;0,346;0,151
0,737;0,555;0,379;0,349;0,834;0,392;0,915;0,562;0,719;0,833;0,171;0,692;0,642;0,939;0,389
0,583;0,713;0,657;0,738;0,093;0,981;0,048;0,662;0,607;0,521;0,311;0,341;0,713;0,031;0,206
0,418;0,838;0,102;0,474;0,7;0,854;0,218;0,101;0,849;0,648;0,514;0,375;0,608;0,208;0,035
0,079;0,97;0,594;0,728;0,976;0,819;0,162;0,916;0,503;0,134;0,361;0,436;0,963;0,711;0,076
0,121;0,388;0,164;0,061;0,619;0,266;0,34;0,055;0,303;0,642;0,094;0,996;0,044;0,387;0,325
0,215;0,515;0,711;0,242;0,371;0,541;0,575;0,21;0,73;0,545;0,976;0,62;0,592;0,637;0,983
0,192;0,439;0,916;0,948;0,368;0,936;0,439;0,57;0,736;0,756;0,494;0,498;0,649;0,408;0,989
0,825;0,208;0,668;0,438;0,244;0,889;0,22;0,209;0,174;0,115;0,075;0,862;0,895;0,326;0,245
0,418;0,619;0,634;0,712;0,359;0,192;0,554;0,186;0,608;0,168;0,892;0,879;0,221;0,306;0,398
0,063;0,707;0,463;0,664;0,668;0,707;0,486;1,0;0,39;0,713;0,553;0,098;0,341;0,862;0,764
0,22;0,836;0,844;0,983;0,675;0,416;0,839;0,091;0,574;0,875;0,929;0,866;0,247;0,503;0,247
0,663;0,283;0,207;0,12;0,714;0,883;0,54;0,973;0,872;0,643;0,017;0,943;0,899;0,877;0,96
0,807;0,908;0,3;0,817;0,805;0,211;0,98;0,868;0,34;0,175;0,681;0,653;0,881;0,743;0,147
0,233;0,595;0,543;0,884;0,894;0,168;0,471;0,846;0,66;0,853;0,619;0,04;0,869;0,692;0,498
0,742;0,029;0,824;0,333;0,441;0,337;0,191;0,663;0,263;0,48;0,592;0,214;0,704;0,672;0,159
0,66;0,399;0,259;0,369;0,202;0,791;0,319;0,279;0,727;0,725;0,847;0,33;0,308;0,123;0,866
0,186;0,238;0,123;0,436;0,149;0,194;0,59;0,23;0,122;0,344;0,382;0,405;0,234;0,483;0,082
0,553;0,48;0,791;0,415;0,726;0,882;0,734;0,267;0,722;0,049;0,593;0,42;0,933;0,306;0,019
0,624;0,115;0,949;0,511;0,013;0,992;0,615;0,094;0,812;0,299;0,394;0,912;0,694;0,041;0,599
0,381;0,683;0,566;0,48;0,473;0,417;0,711;0,682;0,912;0,69;0,511;0,631;0,278;0,996;0,272
0,666;0,103;0,006;0,306;0,406;0,489;0,208;0,615;0,287;0,498;0,661;0,519;0,431;0,379;0,806
0,294;0,95;0,562;0,139;0,616;0,426;0,782;0,261;0,49;0,711;0,135;0,175;0,157;0,139;0,355
0,107;0,339;0,381;0,895;0,927;0,847;0,863;0,35;0,642;0,674;0,968;0,361;0,586;0,196;0,116
0,319;0,156;0,031;0,296;0,563;0,227;0,739;0,072;0,776;0,874;0,821;0,398;0,029;0,264;0,578
0,39;0,948;0,456;0,065;0,731;0,552;0,19;0,097;0,53;0,024;0,761;0,483;0,013;0,812;0,8
0,48;0,448;0,879;0,465;0,168;0,19;0,823;0,164;0,162;0,597;0,723;0,489;0,304;0,341;0,941
0,429;0,065;0,559;0,157;0,829;0,782;0,883;0,277;0,588;0,058;0,429;0,101;0,754;0,376;0,597
0,917;0,299;0,043;0,627;0,651;0,352;0,404;0,901;0,52;0,638;0,299;0,713;0,83;0,758;0,042
0,975;0,438;0,558;0,287;0,661;0,083;0,265;0,732;0,734;0,606;0,241;0,255;0,718;0,281;0,329
0,066;0,097;0,508;0,256;0,351;0,944;0,259;0,64;0,45;0,815;0,584;0,533;0,757;0,028;0,666
0,321;0,358;0,414;0,815;0,005;0,646;0,78;0,892;0,479;0,007;0,849;0,368;0,701;0,833;0,351
0,981;0,935;0,79;0,436;0,128;0,465;0,849;0,69;0,711;0,952;0,865;0,927;0,367;0,403;0,502
0,458;0,735;0,278;0,163;0,051;0,802;0,207;0,277;0,238;0,301;0,337;0,703;0,0;0,52;0,933
0,339;0,848;0,362;0,843;0,616;0,842;0,833;0,141;0,556;0,196;0,772;0,003;0,218;0,022;0,04
0,847;0,714;0,262;0,191;0,381;0,208;0,862;0,943;0,656;0,346;0,392;0,213;0,698;0,544;0,568
0,877;0,558;0,934;0,097;0,595;0,439;0,977;0,232;0,777;0,432;0,601;0,938;0,954;0,876;0,845
0,097;0,147;0,446;0,578;0,069;0,202;0,131;0,002;0,147;0,555;0,502;0,217;0,437;0,677;0,579
0,899;0,619;0,561;0,276;0,826;0,622;0,181;0,527;0,419;0,146;0,062;0,513;0,947;0,968;0,98
0,197;0,683;0,754;0,989;0,808;0,946;0,212;0,065;0,311;0,314;0,1;0,351;0,914;0,067;0,258
0,28;0,378;0,599;0,523;0,639;0,083;0,027;0,658;0,275;0,076;0,861;0,371;0,925;0,032;0,608
0,951;0,991;0,477;0,14;0,652;0,598;0,202;0,968;0,027;0,162;0,47;0,087;0,004;0,698;0,146
0,535;0,171;0,089;0,925;0,731;0,126;0,197;0,814;0,046;0,671;0,704;0,214;0,924;0,877;0,152
0,729;0,61;0,336;0,843;0,556;0,96;0,482;0,591;0,259;0,719;0,55;0,893;0,282;0,702;0,086
0,34;0,166;0,536;0,198;0,61;0,054;0,464;0,007;0,81;0,488;0,025;0,812;0,625;0,123;0,584
0,723;0,618;0,891;0,161;0,943;0,961;0,212;0,948;0,145;0,532;0,38;0,773;0,414;0,411;0,634
0,523;0,213;0,115;0,656;0,198;0,343;0,264;0,809;0,89;0,956;0,268;0,017;0,533;0,735;0,665
0,02;0,368;0,697;0,365;0,756;0,221;0,828;0,847;0,607;0,395;0,344;0,666;0,226;0,913;0,928
0,647;0,212;0,881;0,438;0,597;0,545;0,051;0,273;0,746;0,455;0,641;0,842;0,732;0,523;0,449
0,04;0,621;0,845;0,616;0,789;0,571;0,308;0,016;0,783;0,668;0,886;0,026;0,727;0,958;0,208
0,913;0,429;0,429;0,915;0,52;0,729;0,615;0,897;0,906;0,192;0,53;0,921;0,998;0,696;0,639
0,901;0,816;0,029;0,105;0,37;0,527;0,589;0,858;0,451;0,873;0,729;0,026;0,719;0,26;0,083
0,619;0,745;0,473;0,485;0,439;0,03;0,733;0,369;0,187;0,728;0,378;0,387;0,698;0,376;0,66
0,607;0,403;0,635;0,12;0,084;0,709;0,01;0,449;0,909;0,223;0,785;0,188;0,835;0,399;0,75
0,791;0,959;0,631;0,513;0,07;0,77;0,142;0,865;0,99;0,99;0,402;0,575;0,84;0,125;0,78
0,491;0,561;0,173;0,48;0,152;0,262;0,339;0,713;0,846;0,053;0,103;0,281;0,092;0,983;0,873
0,722;0,112;0,607;0,193;0,857;0,608;0,239;0,605;0,406;0,602;0,994;0,7;0,87;0,595;0,832
0,63;0,076;0,486;0,083;0,939;0,382;0,531;0,181;0,91;0,874;0,001;0,128;0,098;0,051;0,038
0,433;0,404;0,45;0,101;0,355;0,538;0,051;0,363;0,932;0,423;0,133;0,995;0,569;0,253;0,666
0,03;0,589;0,922;0,946;0,199;0,609;0,229;0,325;0,393;0,378;0,933;0,574;0,585;0,716;0,68
0,776;0,24;0,679;0,857;0,724;0,686;0,948;0,929;0,265;0,015;0,315;0,808;0,764;0,005;0,329
0,149;0,038;0,067;0,255;0,883;0,229;0,274;0,817;0,378;0,395;0,669;0,411;0,541;0,289;0,406
0,726;0,419;0,084;0,464;0,212;0,859;0,512;0,967;0,01;0,583;0,459;0,393;0,249;0,709;0,986
0,828;0,483;0,118;0,607;0,082;0,862;0,112;0,234;0,391;0,726;0,807;0,488;0,056;0,809;0,353
0,576;0,723;0,178;0,953;0,85;0,79;0,287;0,047;0,824;0,819;0,965;0,75;0,949;0,298;0,078
0,052;0,528;0,256;0,546;0,219;0,388;0,539;0,64;0,342;0,559;0,717;0,034;0,877;0,137;0,708
0,642;0,903;0,647;0,719;0,752;0,163;0,489;0,101;0,707;0,302;0,34;0,93;0,583;0,735;0,846
0,066;0,863;0,423;0,755;0,828;0,546;0,328;0,111;0,526;0,68;0,317;0,992;0,881;0,59;0,611
0,35;0,531;0,796;0,827;0,479;0,394;0,3;0,853;0,988;0,65;0,913;0,236;0,82;0,57;0,597
0,697;0,743;0,641;0,518;0,935;0,872;0,71;0,322;0,519;0,96;0,765;0,166;0,609;0,121;0,11
0,386;0,608;0,63;0,004;0,765;0,008;0,189;0,813;0,045;0,3;0,608;0,826;0,456;0,597;0,322
0,439;0,984;0,728;0,174;0,098;0,479;0,146;0,458;0,634;0,093;0,685;0,714;0,666;0,29;0,657
0,382;0,589;0,342;0,465;0,254;0,248;0,984;0,612;0,297;0,139;0,85;0,671;0,818;0,173;0,335
0,826;0,575;0,924;0,568;0,953;0,108;0,976;0,99;0,884;0,19;0,779;0,677;1,0;0,385;0,354
0,573;0,527;0,476;0,122;0,684;0,494;0,215;0,782;0,707;0,728;0,556;0,724;0,598;0,1;0,351
0,208;0,534;0,902;0,206;0,446;0,608;0,434;0,607;0,741;0,85;0,414;0,247;0,882;0,766;0,237
0,985;0,187;0,389;0,1;0,723;0,297;0,831;0,57;0,843;0,261;0,612;0,296;0,662;0,219;0,774
0,127;0,483;0,342;0,019;0,74;0,916;0,9;0,317;0,546;0,032;0,951;0,321;0,847;0,101;0,619
0,616;0,856;0,589;0,251;0,736;0,764;0,214;0,807;0,138;0,796;0,285;0,029;0,192;0,927;0,14
0,525;0,236;0,369;0,365;0,995;0,132;0,386;0,786;0,36;0,19;0,86;0,926;0,925;0,988;0,403
0,067;0,048;0,68;0,475;0,023;0,954;0,848;0,891;0,046;0,983;0,34;0,096;0,702;0,808;0,555
0,858;0,742;0,182;0,297;0,858;0,602;0,045;0,351;0,724;0,23;0,842;0,26;0,205;0,449;0,671
0,077;0,697;0,158;0,834;0,424;0,663;0,361;0,785;0,616;0,707;0,206;0,186;0,445;0,026;0,652
0,917;0,13;0,995;0,416;0,736;0,848;0,645;0,664;0,88;0,267;0,516;0,188;0,501;0,758;0,495
0,412;0,287;0,272;0,418;0,453;0,6;0,129;0,982;0,026;0,827;0,033;0,792;0,957;0,356;0,649
0,534;0,153;0,467;0,475;0,405;0,588;0,65;0,733;0,279;0,035;0,744;0,361;0,953;0,377;0,549
0,448;0,053;0,769;0,724;0,473;0,577;0,271;0,136;0,016;0,663;0,444;0,37;0,367;0,545;0,968
0,701;0,243;0,576;0,561;0,897;0,621;0,593;0,98;0,406;0,874;0,55;0,14;0,235;0,212;0,796
0,949;0,908;0,741;0,756;0,32;0,415;0,017;0,397;0,8;0,415;0,74;0,728;0,492;0,425;0,142
0,109;0,068;0,988;0,919;0,14;0,143;0,137;0,439;0,995;0,645;0,07;0,562;0,789;0,026;0,295
0,58;0,888;0,41;0,562;0,254;0,142;0,939;0,069;0,006;0,36;0,497;0,187;0,728;0,348;0,189
0,304;0,187;0,43;0,587;0,797;0,183;0,599;0,604;0,416;0,97;0,702;0,571;0,617;0,468;0,577
0,75;0,062;0,134;0,326;0,125;0,305;0,261;0,821;0,141;0,955;0,081;0,629;0,01;0,479;0,7
0,273;0,847;0,874;0,371;0,809;0,583;0,026;0,447;0,873;0,327;0,222;0,356;0,764;0,394;0,171
0,854;0,215;0,125;0,635;0,771;0,954;0,05;0,184;0,062;0,558;0,022;0,06;0,701;0,146;0,637
0,375;0,254;0,732;0,994;0,32;0,24;0,079;0,879;0,399;0,379;0,334;0,645;0,21;0,542;0,955
0,667;0,286;0,924;0,859;0,592;0,053;0,821;0,864;0,728;0,944;0,265;0,992;0,519;0,509;0,635
0,872;0,102;0,153;0,741;0,83;0,936;0,242;0,637;0,759;0,579;0,39;0,566;0,65;0,56;0,841
0,677;0,254;0,495;0,239;0,348;0,14;0,781;0,536;0,823;0,753;0,013;0,223;0,574;0,717;0,127
0,395;0,753;0,948;0,566;0,535;0,134;0,657;0,397;0,913;0,69;0,527;0,605;0,936;0,388;0,952
0,218;0,932;0,195;0,457;0,721;0,009;0,923;0,797;0,571;0,267;0,345;0,353;0,727;0,938;0,871
0,556;0,867;0,287;0,075;0,097;0,106;0,353;0,311;0,237;0,916;0,524;0,908;0,461;0,658;0,508
0,266;0,819;0,627;0,598;0,738;0,842;0,9;0,801;0,247;0,651;0,702;0,985;0,549;0,449;0,432
0,008;0,402;0,218;0,351;0,945;0,113;0,077;0,474;0,325;0,666;0,199;0,326;0,41;0,517;0,978
0,498;0,096;0,119;0,727;0,143;0,25;0,35;0,337;0,274;0,153;0,235;0,84;0,524;0,176;0,009
0,295;0,121;0,635;0,06;0,851;0,448;0,431;0,5;0,153;0,493;0,25;0,123;0,273;0,587;0,754
0,046;0,875;0,076;0,476;0,565;0,125;0,49;0,679;0,88;0,1;0,692;0,316;0,748;0,991;0,222
0,838;0,859;0,495;0,321;0,063;0,489;0,176;0,567;0,199;0,174;0,257;0,98;0,379;0,189;0,115
0,39;0,737;0,277;0,51;0,847;0,733;0,898;0,277;0,116;0,03;0,335;0,832;0,26;0,249;0,976
0,888;0,055;0,551;0,694;0,452;0,449;0,711;0,918;0,52;0,381;0,215;0,549;0,194;0,111;0,226
0,299;0,91;0,211;0,009;0,462;0,731;0,632;0,964;0,323;0,589;0,582;0,771;0,263;0,574;0,453
0,513;0,482;0,513;0,635;0,096;0,351;0,63;0,656;0,581;0,888;0,446;0,707;0,561;0,149;0,524
0,048;0,839;0,737;0,359;0,931;0,672;0,067;0,422;0,619;0,775;0,134;0,794;0,503;0,267;0,37
0,167;0,264;0,372;0,531;0,383;0,998;0,293;0,09;0,992;0,249;0,637;0,325;0,491;0,23;0,115
0,389;0,21;0,295;0,037;0,446;0,54;0,886;0,419;0,196;0,353;0,203;0,093;0,651;0,517;0,427
0,024;0,723;0,084;0,16;0,975;0,324;0,489;0,683;0,362;0,552;0,195;0,24;0,432;0,698;0,307
0,004;0,698;0,535;0,4;0,141;0,223;0,652;0,904;0,957;0,751;0,752;0,999;0,53;0,782;0,749
0,369;0,813;0,23;0,464;0,691;0,388;0,577;0,455;0,019;0,489;0,252;0,781;0,297;0,082;0,498
0,781;0,107;0,932;0,545;0,487;0,937;0,194;0,058;0,866;0,038;0,118;0,975;0,107;0,605;0,738
0,824;0,783;0,409;0,409;0,755;0,131;0,99;0,633;0,596;0,528;0,732;0,658;0,863;0,857;0,757
0,684;0,219;0,831;0,658;0,568;0,668;0,441;0,465;0,34;0,578;0,842;0,45;0,513;0,044;0,423
0,071;0,234;0,614;0,729;0,731;0,925;0,569;0,845;0,726;0,429;0,446;0,252;0,916;0,896;0,817
0,217;0,299;0,89;0,555;0,395;0,43;0,637;0,939;0,198;0,907;0,745;0,106;0,176;0,165;0,982
0,68;0,901;0,342;0,375;0,255;0,871;0,661;0,989;0,936;0,223;0,429;0,03;0,905;0,216;0,025
0,469;0,058;0,381;0,266;0,178;0,121;0,594;0,719;0,322;0,874;0,382;0,551;0,179;0,063;0,315
0,952;0,424;0,66;0,84;0,653;0,864;0,67;0,571;0,242;0,075;0,067;0,534;0,475;0,19;0,893
0,228;0,127;0,508;0,044;0,234;0,632;0,114;0,124;0,306;0,572;0,643;0,132;0,939;0,27;0,281
0,501;0,884;0,585;0,317;0,621;0,435;0,738;0,068;0,576;0,786;0,45;0,7;0,869;0,739;0,984
0,138;0,029;0,255;0,856;0,63;0,613;0,608;0,959;0,701;0,93;0,185;0,811;0,746;0,882;0,296
0,909;0,362;0,619;0,041;0,81;0,888;0,49;0,986;0,806;0,173;0,572;0,148;0,719;0,547;0,641
0,613;0,604;0,382;0,453;0,273;0,445;0,291;0,697;0,975;0,813;0,233;0,873;0,833;0,116;0,931
0,772;0,414;0,189;0,903;0,838;0,502;0,047;0,724;0,918;0,219;0,183;0,995;0,279;0,326;0,515
0,187;0,03;0,876;0,054;0,313;0,144;0,225;0,031;0,622;1,0;0,529;0,951;0,188;0,024;0,741
0,198;0,473;0,397;0,133;0,901;0,704;0,285;0,658;0,412;0,983;0,553;0,637;0,596;0,024;0,066
0,643;0,761;0,439;0,944;0,783;0,639;0,456;0,332;0,875;0,584;0,26;0,817;0,248;0,497;0,683
0,581;0,376;0,779;0,21;0,186;0,594;0,327;0,277;0,257;0,714;0,038;0,657;0,49;0,31;0,882
0,432;0,918;0,038;0,296;0,225;0,193;0,219;0,421;0,203;0,029;0,573;0,766;0,974;0,576;0,748
0,271;0,109;0,565;0,874;0,73;0,532;0,887;0,276;0,536;0,576;0,398;0,766;0,653;0,966;0,229
0,867;0,299;0,81;0,773;0,368;0,588;0,024;0,582;0,762;0,84;0,383;0,459;0,025;0,203;0,313
0,732;0,431;0,107;0,206;0,794;0,971;0,042;0,521;0,939;0,082;0,74;0,414;0,308;0,245;0,078
0,998;0,06;0,267;0,634;0,813;0,096;0,088;0,685;0,806;0,53;0,417;0,257;0,056;0,499;0,371
0,676;0,853;0,217;0,557;0,491;0,697;0,509;0,692;0,418;0,944;0,158;0,789;0,846;0,218;0,781
0,004;0,798;0,081;0,145;0,015;0,311;0,26;0,147;0,216;0,872;0,7;0,865;0,352;0,387;0,322
0,219;0,717;0,401;0,81;0,456;0,478;0,659;0,926;0,234;0,281;0,005;0,101;0,961;0,958;0,631
0,756;0,845;0,6;0,318;0,981;0,81;0,719;0,48;0,739;0,61;0,953;0,312;0,548;0,697;0,738
0,803;0,436;0,094;0,777;0,919;0,34;0,763;0,399;0,227;0,496;0,398;0,309;0,966;0,54;0,688
0,694;0,305;0,577;0,371;0,449;0,934;0,43;0,227;0,996;0,737;0,326;0,103;0,238;0,026;0,681
0,072;0,233;0,436;0,917;0,501;0,937;0,632;0,984;0,427;0,564;0,511;0,918;0,505;0,516;0,336
0,676;0,61;0,551;0,755;0,798;0,049;0,164;0,748;0,377;0,96;0,736;0,995;0,757;0,536;0,588
0,214;0,433;0,313;0,364;0,766;0,621;0,704;0,992;0,434;0,456;0,443;0,296;0,132;0,368;0,994
0,799;0,496;0,459;0,209;0,294;0,821;0,415;0,674;0,067;0,15;0,543;0,033;0,25;0,567;0,871
0,115;0,64;0,292;0,439;0,903;0,378;0,059;0,83;0,142;0,734;0,502;0,755;0,689;0,261;0,517
0,702;0,541;0,095;0,273;0,327;0,46;0,229;0,489;0,462;0,491;0,024;0,759;0,955;0,108;0,318
0,904;0,565;0,48;0,649;0,476;0,862;0,899;0,608;0,109;0,076;0,15;0,268;0,551;0,825;0,528
0,504;0,626;0,592;0,848;0,208;0,717;0,174;0,038;0,158;0,687;0,012;0,321;0,427;0,762;0,047
0,232;0,04;0,801;0,537;0,816;0,002;0,499;0,049;0,267;0,123;0,066;0,236;0,294;0,176;0,048
0,259;0,601;0,002;0,96;0,252;0,024;0,71;0,918;0,082;0,667;0,511;0,241;0,065;0,031;0,578
0,397;0,028;0,678;0,471;0,829;0,28;0,18;0,725;0,539;0,157;0,654;0,039;0,177;0,491;0,427
0,779;0,657;0,748;0,723;0,39;0,978;0,064;0,314;0,869;0,14;0,939;0,875;0,672;0,215;0,601
0,749;0,006;0,061;0,569;0,423;0,21;0,939;0,276;0,397;0,032;0,66;0,101;0,017;0,951;0,112
0,571;0,456;0,774;0,447;0,204;0,055;0,85;0,465;0,086;0,23;0,386;0,085;0,143;0,704;0,03
0,662;0,536;0,705;0,056;0,4;0,756;0,29;0,724;0,539;0,539;0,672;0,137;0,213;0,23;0,087
0,178;0,345;0,289;0,903;0,242;0,893;0,002;0,273;0,869;0,726;0,74;0,724;0,436;0,518;0,542
0,861;0,712;0,766;0,793;0,879;0,943;0,235;0,671;0,755;0,393;0,251;0,383;0,01;0,332;0,635
0,077;0,673;0,15;0,794;0,817;0,424;0,199;0,457;0,303;0,318;0,812;0,392;0,964;0,302;0,978
0,859;0,529;0,608;0,462;0,001;0,827;0,488;0,573;0,495;0,122;0,096;0,792;0,3;0,973;0,773
0,731;0,444;0,363;0,65;0,706;0,726;0,285;0,373;0,495;0,538;0,813;0,206;0,584;0,167;0,775
0,888;0,159;0,942;0,619;0,026;0,804;0,889;0,197;0,808;0,774;0,628;0,252;0,562;0,72;0,56
0,796;0,974;0,362;0,788;0,431;0,558;0,164;0,168;0,307;0,692;0,606;0,263;0,026;0,439;0,874
0,383;0,245;0,915;0,106;0,449;0,914;0,593;0,416;0,865;0,966;0,116;0,701;0,212;0,581;0,818
0,356;0,245;0,022;0,164;0,478;0,61;0,552;0,634;0,542;0,596;0,112;0,275;0,452;0,848;0,303
0,232;0,68;0,32;0,2;0,373;0,571;0,228;0,325;0,829;0,696;0,838;0,594;0,332;0,573;0,009
0,419;0,272;0,751;0,931;0,791;0,013;0,171;0,457;0,369;0,933;0,046;0,881;0,351;0,81;0,628
0,041;0,454;0,994;0,856;0,088;0,143;0,525;0,025;0,885;0,96;0,136;0,771;0,594;0,144;0,343
0,041;0,668;0,062;0,747;0,43;0,185;0,927;0,044;0,711;0,523;0,306;0,465;0,408;0,968;0,142
0,623;0,35;0,183;0,005;0,93;0,222;0,088;0,18;0,603;0,563;0,645;0,617;0,566;0,169;0,126
0,373;0,387;0,875;0,205;0,197;0,911;0,71;0,155;0,744;0,58;0,468;0,006;0,991;0,507;0,688
0,322;0,503;0,142;0,767;0,129;0,616;0,249;0,948;0,509;0,082;0,178;0,402;0,765;0,416;0,585
0,663;0,401;0,172;0,269;0,726;0,304;0,537;0,86;0,45;0,082;0,44;0,714;0,411;0,296;0,367
0,228;0,228;0,599;0,76;0,351;0,28;0,131;0,042;0,492;0,49;0,89;0,535;0,131;0,66;0,344
0,064;0,835;0,101;0,482;0,671;0,254;0,857;0,451;0,704;0,462;0,571;0,772;0,382;0,247;0,685
0,722;0,036;0,94;0,276;0,454;0,739;0,122;0,219;0,438;0,167;0,072;0,195;0,971;0,763;0,202
0,401;0,537;0,577;0,588;0,717;0,325;0,517;0,181;0,172;0,15;0,981;0,991;0,405;0,62;0,332
0,357;0,449;0,46;0,685;0,371;0,041;0,621;0,95;0,244;0,095;0,531;0,221;0,586;0,328;0,103
0,491;0,463;0,608;0,322;0,809;0,11;0,291;0,612;0,084;0,857;0,129;0,228;0,516;0,376;0,903
0,5;0,142;0,572;0,018;0,877;0,365;0,088;0,177;0,51;0,209;0,177;0,567;0,981;0,517;0,342
0,432;0,143;0,275;0,326;0,864;0,29;0,36;0,75;0,164;0,888;0,05;0,332;0,16;0,801;0,845
0,41;0,643;0,275;0,518;0,022;0,551;0,529;0,057;0,626;0,876;0,226;0,397;0,56;0,88;0,469
0,197;0,343;0,752;0,808;0,296;0,807;0,167;0,572;0,928;0,994;0,527;0,061;0,918;0,424;0,248
0,65;0,333;0,351;0,917;0,275;0,724;0,254;0,44;0,065;0,504;0,828;0,658;0,193;0,379;0,77
0,088;0,731;0,958;0,249;0,13;0,913;0,042;0,641;0,699;0,939;0,038;0,583;0,322;0,167;0,342
0,44;0,211;0,15;0,105;0,17;0,194;0,629;0,669;0,533;0,227;0,16;0,413;0,392;0,619;0,128
0,581;0,669;0,523;0,28;0,317;0,627;0,485;0,604;0,947;0,645;0,157;0,06;0,407;0,728;0,843
0,208;0,168;0,29;0,142;0,526;0,633;0,728;0,454;0,391;0,145;0,865;0,402;0,569;0,487;0,999
0,77;0,077;0,053;0,746;0,985;0,525;0,133;0,907;0,516;0,539;0,302;0,902;0,422;0,428;0,346
0,197;0,016;0,146;0,175;0,548;0,841;0,019;0,264;0,926;0,94;0,723;0,956;0,026;0,768;0,457
0,166;0,913;0,655;0,045;0,875;0,613;0,856;0,768;0,378;0,731;0,212;0,116;0,276;0,44;0,86
0,974;0,508;0,72;0,124;0,915;0,678;0,77;0,174;0,533;0,048;0,517;0,969;0,156;0,538;0,616
0,695;0,332;0,637;0,796;0,879;0,723;0,162;0,759;0,533;0,774;0,204;0,672;0,509;0,22;0,681
0,304;0,378;0,246;0,319;0,459;0,297;0,913;0,49;0,988;0,961;0,906;0,306;0,11;0,282;0,419
0,902;0,632;0,096;0,299;0,977;0,72;0,588;0,252;0,033;0,244;0,969;0,854;0,044;0,885;0,405
0,466;0,124;0,687;0,944;0,698;0,075;0,761;0,711;0,269;0,156;0,054;0,481;0,713;0,099;0,205
0,139;0,531;0,23;0,025;0,997;0,376;0,931;0,961;0,353;0,46;0,005;0,312;0,441;0,984;0,166
0,51;0,877;0,862;0,005;0,182;0,482;0,44;0,676;0,002;0,867;0,276;0,806;0,719;0,594;0,773
0,806;0,307;0,7;0,76;0,236;0,365;0,853;0,903;0,589;0,753;0,935;0,066;0,454;0,346;0,898
0,178;0,341;0,644;0,255;0,693;0,764;0,971;0,838;0,979;0,873;0,924;0,972;0,551;0,871;0,643
0,848;0,974;0,41;0,358;0,355;0,023;0,378;0,716;0,878;0,808;0,464;0,955;0,956;0,965;0,168
0,572;0,929;0,893;0,561;0,422;0,908;0,016;0,048;0,437;0,961;0,192;0,299;0,583;0,866;0,656
0,992;0,073;0,283;0,035;0,598;0,879;0,297;0,4;0,121;0,38;0,46;0,587;0,707;0,147;0,572
0,598;0,773;0,9;0,867;0,788;0,668;0,385;0,376;0,153;0,684;0,06;0,99;0,167;0,617;0,97
0,536;0,669;0,43;0,635;0,132;0,956;0,316;0,101;0,146;0,345;0,243;0,94;0,899;0,855;0,358
0,266;0,392;0,811;0,679;0,167;0,963;0,768;0,107;0,068;0,213;0,998;0,417;0,649;0,309;0,765
0,458;0,956;0,175;0,671;0,389;0,502;0,797;0,147;0,532;0,044;0,358;0,747;0,79;0,393;0,619
0,281;0,963;0,407;0,065;0,133;0,699;0,304;0,624;0,811;0,674;0,717;0,382;0,633;0,352;0,068
0,405;0,54;0,992;0,024;0,419;0,096;0,304;0,563;0,037;0,621;0,728;0,743;0,178;0,69;0,475
0,719;0,302;0,329;0,174;0,203;0,325;0,446;0,81;0,558;0,833;0,973;0,392;0,212;0,866;0,891
0,146;0,2;0,57;0,15;0,089;0,656;0,275;0,429;0,323;0,738;0,977;0,921;0,543;0,017;0,947
0,858;0,673;0,765;0,418;0,75;0,574;0,264;0,035;0,379;0,146;0,297;0,446;0,35;0,431;0,572
0,291;0,125;0,763;0,913;0,892;0,341;0,472;0,989;0,269;0,259;0,401;0,561;0,173;0,728;0,03
0,97;0,887;0,703;0,068;0,317;0,074;0,381;0,82;0,793;0,502;0,744;0,855;0,532;0,712;0,784
0,707;0,951;0,591;0,27;0,684;0,263;0,024;0,425;0,943;0,368;0,184;0,107;0,69;0,057;0,933
0,434;0,111;0,465;0,198;0,583;0,56;0,449;0,185;0,841;0,788;0,899;0,82;0,541;0,574;0,72
0,842;0,908;0,054;0,513;0,061;0,64;0,138;0,041;0,906;0,445;0,371;0,54;0,355;0,353;0,4
0,652;0,023;0,214;0,883;0,306;0,067;0,224;0,159;0,169;0,009;0,473;0,899;0,848;0,673;0,542
0,6;0,188;0,191;0,862;0,361;0,584;0,91;0,91;0,269;0,581;0,71;0,871;0,762;0,735;0,094
0,553;0,743;0,816;0,011;0,537;0,636;1,0;0,398;0,139;0,34;0,851;0,248;0,796;0,85;0,198
0,051;0,952;0,16;0,047;0,013;0,566;0,419;0,294;0,371;0,922;0,403;0,029;0,213;0,891;0,298
0,017;0,498;0,332;0,722;0,297;0,253;0,869;0,717;0,262;0,881;0,535;0,772;0,252;0,302;0,544
0,136;0,75;0,598;0,808;0,084;0,581;0,917;0,423;0,692;0,607;0,12;0,742;0,267;0,907;0,372
0,667;0,224;0,691;0,141;0,377;0,646;0,711;0,663;0,951;0,398;0,65;0,119;0,202;0,113;0,209
0,166;0,85;0,729;0,779;0,086;0,414;0,707;0,374;0,076;0,973;0,623;0,61;0,778;0,252;0,96
0,127;0,531;0,695;0,939;0,153;0,172;0,592;0,656;0,295;0,783;0,075;0,172;0,24;0,977;0,261
0,952;0,748;0,471;0,491;0,677;0,37;0,05;0,751;0,818;0,42;0,725;0,763;0,064;0,893;0,076
0,548;0,892;0,7;0,878;0,795;0,863;0,705;0,023;0,783;0,134;0,654;0,347;0,51;0,59;0,959
0,84;0,125;0,409;0,912;0,119;0,618;0,978;0,856;0,395;0,897;0,387;0,833;0,877;0,02;0,788
0,073;0,857;0,969;0,633;0,243;0,209;0,152;0,984;0,315;0,021;0,882;0,888;0,737;0,524;0,073
0,725;0,869;0,037;0,692;0,245;0,101;0,316;0,406;0,211;0,077;0,465;0,045;0,667;0,181;0,444
0,963;0,091;0,946;0,977;0,335;0,122;0,752;0,745;0,22;0,986;0,595;0,52;0,058;0,688;0,075
0,568;0,976;0,467;0,28;0,901;0,964;0,795;0,235;0,262;0,32;0,943;0,037;0,994;0,359;0,272
0,397;0,385;0,249;0,547;0,666;0,732;0,309;0,719;0,068;0,813;0,015;0,975;0,554;0,985;0,531
0,112;0,231;0,415;0,43;0,453;0,848;0,967;0,585;0,987;0,726;0,63;0,041;0,398;0,537;0,928
0,959;0,676;0,853;0,936;0,455;0,617;0,986;0,698;0,051;0,939;0,03;0,125;0,972;0,614;0,326
0,053;0,731;0,74;0,475;0,091;0,422;0,523;0,264;0,21;0,739;0,64;0,164;0,068;0,498;0,492
0,539;0,93;0,801;0,88;0,926;0,839;0,661;0,639;0,799;0,868;0,919;0,728;0,932;0,693;0,522
0,77;0,944;0,31;0,899;0,389;0,89;0,424;0,609;0,091;0,984;0,135;0,228;0,641;0,343;0,749
0,338;0,711;0,597;0,073;0,106;0,411;0,52;0,263;0,777;0,01;0,653;0,186;0,031;0,188;0,778
0,564;0,53;0,655;0,392;0,322;0,887;0,562;0,071;0,645;0,546;0,855;0,647;0,35;0,185;0,736
0,371;0,869;0,48;0,296;0,77;0,345;0,878;0,861;0,509;0,1;0,312;0,303;0,629;0,347;0,92
0,368;0,819;0,308;0,358;0,383;0,418;0,237;0,364;0,274;0,596;0,322;0,367;0,199;0,336;0,327
0,581;0,976;0,014;0,79;0,046;0,316;0,397;0,261;0,39;0,535;0,892;0,291;0,808;0,836;0,323
0,563;0,124;0,506;0,352;0,5;0,055;0,916;0,627;0,885;0,616;0,438;0,67;0,424;0,108;0,841
0,747;0,398;0,9;0,602;0,918;0,791;0,953;0,662;0,451;0,153;0,035;0,155;0,611;0,277;0,776
0,497;0,098;0,099;0,641;0,837;0,36;0,492;0,685;0,301;0,492;0,385;0,141;0,287;0,859;0,316
0,922;0,961;0,685;0,106;0,488;0,276;0,545;0,818;0,602;0,408;0,871;0,418;0,696;0,516;0,721
0,089;0,204;0,592;0,848;0,437;0,885;0,401;0,21;0,299;0,236;0,97;0,153;0,069;0,677;0,633
0,833;0,188;0,543;0,873;0,33;0,07;0,351;0,535;0,495;0,704;0,538;0,142;0,758;0,117;0,801
0,669;0,856;0,545;0,975;0,338;0,065;0,926;0,022;0,944;0,609;0,813;0,685;0,159;0,023;0,896
0,957;0,668;0,89;0,689;0,468;0,362;0,23;0,027;0,122;0,093;0,76;0,032;0,9;0,965;0,741
0,638;0,738;0,662;0,227;0,177;0,047;0,251;0,055;0,657;0,193;0,139;0,161;0,947;0,357;0,521
0,467;0,649;0,413;0,203;0,462;0,515;0,492;0,164;0,506;0,277;0,698;0,376;0,387;0,76;0,526
0,273;0,571;0,936;0,025;0,584;0,215;0,024;0,453;0,302;0,905;0,555;0,268;0,897;0,783;0,1
0,862;0,616;0,198;0,016;0,805;0,43;0,788;0,078;0,21;0,979;0,705;0,09;0,957;0,196;0,764
0,095;0,844;0,218;0,433;0,385;0,921;0,409;0,622;0,848;0,926;0,929;0,456;0,193;0,902;0,656
0,509;0,852;0,484;0,428;0,481;0,994;0,759;0,725;0,346;0,715;0,957;0,827;0,107;0,71;0,87
0,167;0,57;0,709;0,12;0,29;0,242;0,65;0,607;0,708;0,329;0,798;0,719;0,032;0,166;0,555
0,435;0,076;0,733;0,714;0,946;0,323;0,805;0,115;0,37;0,153;0,811;0,703;0,335;0,985;0,642
0,688;0,164;0,906;0,781;0,182;0,99;0,229;0,218;0,092;0,461;0,571;0,492;0,697;0,506;0,623
0,279;0,297;0,565;0,403;0,417;0,469;0,306;0,101;0,597;0,569;0,675;0,99;0,104;0,884;0,663
0,655;0,177;0,406;0,388;0,35;0,635;0,405;0,005;0,161;0,42;0,148;0,98;0,634;0,002;0,164
0,685;0,51;0,867;0,062;0,869;0,463;0,19;0,202;0,415;0,412;0,821;0,198;0,261;0,588;0,713
0,545;0,792;0,452;0,489;0,563;0,127;0,408;0,434;0,506;0,566;0,777;0,524;0,432;0,829;0,327
0,121;0,405;0,184;0,538;0,135;0,361;0,257;0,85;0,951;0,05;0,267;0,524;0,085;0,646;0,123
0,207;0,871;0,484;0,132;0,322;0,722;0,262;0,13;0,494;0,599;0,045;0,565;0,266;0,057;0,036
0,435;0,198;0,053;0,993;0,719;0,28;0,86;0,875;0,738;0,696;0,613;0,642;0,39;0,139;0,802
0,864;0,207;0,152;0,681;0,768;0,476;0,455;0,569;0,05;0,739;0,667;0,466;0,309;0,313;0,448
0,125;0,301;0,394;0,205;0,27;0,274;0,046;0,172;0,558;0,522;0,534;0,916;0,46;0,869;0,874
0,381;0,823;0,369;0,101;0,7;0,943;0,036;0,742;0,131;0,594;0,431;0,27;0,977;0,148;0,723
0,585;0,855;0,849;0,631;0,802;0,108;0,846;0,832;0,539;0,126;0,903;0,59;0,061;0,634;0,737
0,596;0,282;0,469;0,865;0,612;0,33;0,616;0,566;0,937;0,416;0,268;0,936;0,588;0,948;0,036
0,238;0,744;0,402;0,592;0,415;0,06;0,003;0,992;0,026;0,027;0,098;0,37;0,705;0,937;0,596
0,123;0,308;0,297;0,55;0,285;0,687;0,009;0,277;0,946;0,048;0,366;0,03;0,164;0,152;0,376
0,28;0,125;0,52;0,574;0,717;0,706;0,027;0,208;0,056;0,139;0,493;0,783;0,356;0,428;0,401
0,215;0,445;0,809;0,692;0,362;0,577;0,877;0,071;0,237;0,253;0,83;0,622;0,396;0,744;0,481
0,41;0,354;0,785;0,488;0,994;0,072;0,179;0,608;0,924;0,466;0,989;0,387;0,231;0,903;0,516
0,506;0,834;0,413;0,383;0,66;0,111;0,731;0,776;0,936;0,983;0,998;0,06;0,576;0,028;0,33
0,189;0,206;0,719;0,162;0,668;0,169;0,595;0,812;0,324;0,32;0,436;0,958;0,432;0,368;0,099
0,914;0,702;0,625;0,308;0,823;0,534;0,549;0,609;0,326;0,72;0,772;0,574;0,729;0,763;0,795
0,325;0,764;0,487;0,352;0,268;0,115;0,081;0,348;0,731;0,771;0,324;0,984;0,506;0,829;0,229
0,552;0,135;0,803;0,771;0,664;0,585;0,346;0,963;0,2;0,484;0,262;0,953;0,58;0,615;0,712
0,809;0,739;0,05;0,182;0,173;0,431;0,092;0,531;0,96;0,93;0,309;0,765;0,668;0,071;0,939
0,296;0,148;0,76;0,181;0,778;0,088;0,855;0,421;0,089;0,678;0,728;0,147;0,923;0,63;0,731
0,733;0,893;0,131;0,454;0,227;0,218;0,274;0,093;0,754;0,374;0,229;0,788;0,622;0,985;0,708
0,216;0,69;0,074;0,815;0,175;0,797;0,638;0,807;0,246;0,002;0,595;0,845;0,945;0,463;0,205
0,034;0,712;0,968;0,775;0,55;0,137;0,884;0,459;0,778;0,627;0,943;0,489;0,633;0,285;0,975
0,128;0,088;0,85;0,89;0,356;0,141;0,529;0,605;0,755;0,931;0,297;0,084;0,388;0,225;0,7
0,973;0,053;0,745;0,217;0,039;0,732;0,759;0,889;0,39;0,972;0,979;0,168;0,615;0,949;0,454
0,41;0,036;0,497;0,56;0,959;0,222;0,354;0,017;0,421;0,075;0,664;0,083;0,187;0,854;0,749
0,255;0,652;0,027;0,602;0,93;0,959;0,136;0,648;0,017;0,611;0,166;0,832;0,071;0,837;0,629
0,349;0,417;0,259;0,335;0,06;0,704;0,766;0,635;0,727;0,688;0,771;0,926;0,234;0,189;0,823
0,781;0,491;0,371;0,585;0,277;0,0;0,51;0,858;0,679;0,39;0,04;0,98;0,62;0,39;0,502
0,774;0,782;0,7;0,167;0,131;0,208;0,005;0,346;0,842;0,17;0,388;0,447;0,329;0,647;0,981
0,555;0,248;0,065;0,923;0,3;0,411;0,159;0,142;0,064;0,349;0,083;0,275;0,949;0,929;0,564
0,499;0,075;0,199;0,435;0,533;0,413;0,19;0,173;0,209;0,632;0,864;0,387;0,958;0,106;0,231
0,296;0,745;0,818;0,132;0,502;0,092;0,539;0,014;0,683;0,708;0,124;0,126;0,092;0,872;0,797
0,629;0,841;0,926;0,497;0,336;0,638;0,971;0,75;0,803;0,684;0,83;0,437;0,397;0,522;0,325
0,568;0,591;0,015;0,638;0,946;0,555;0,837;0,828;0,984;0,239;0,203;0,812;0,163;0,863;0,456
0,052;0,327;0,758;0,085;0,115;0,407;0,456;0,532;0,815;0,876;0,117;0,157;0,606;0,548;0,721
0,826;0,541;0,481;0,696;0,34;0,045;0,526;0,779;0,52;0,698;0,965;0,477;0,64;0,54;0,771
0,759;0,924;0,814;0,76;0,307;0,009;0,248;0,265;0,893;0,682;0,888;0,29;0,049;0,18;0,114
0,691;0,371;0,675;0,144;0,039;0,101;0,9;0,922;0,469;0,639;0,127;0,956;0,695;0,322;0,819
0,311;0,826;0,905;0,601;0,403;0,282;0,222;0,377;0,243;0,906;0,599;0,653;0,209;0,841;0,287
0,845;0,32;0,328;0,596;0,203;0,884;0,928;0,671;0,361;0,81;0,65;0,735;0,632;0,239;0,915
0,471;0,22;0,044;0,11;0,048;0,066;0,751;0,851;0,13;0,177;0,325;0,269;0,027;0,722;0,852
0,667;0,497;0,442;0,441;0,638;0,325;0,379;0,19;0,127;0,332;0,251;0,219;0,728;0,625;0,846
0,963;0,334;0,106;0,04;0,133;0,921;0,451;0,937;0,54;0,551;0,348;0,824;0,529;0,276;0,451
0,758;0,802;0,043;0,639;0,176;0,676;0,035;0,377;0,065;0,447;0,188;0,13;0,946;0,176;0,829
0,589;0,096;0,206;0,106;0,355;0,468;0,173;0,248;0,083;0,537;0,819;0,849;0,8;0,783;0,055
0,235;0,745;0,042;0,955;0,715;0,111;0,615;0,097;0,289;0,087;0,044;0,035;0,465;0,842;0,494
0,768;0,123;0,389;0,965;0,524;0,194;0,204;0,958;0,497;0,941;0,209;0,029;0,907;0,514;0,89
0,456;0,278;0,109;0,439;0,836;0,462;0,3;0,717;0,43;0,226;0,99;0,032;0,33;0,311;0,892
0,092;0,206;0,921;0,696;0,772;0,832;0,827;0,353;0,616;0,382;0,025;0,748;0,228;0,714;0,774
0,219;0,869;0,88;0,577;0,121;0,678;0,845;0,414;0,106;0,433;0,418;0,885;0,517;0,104;0,315
0,053;0,909;0,574;0,034;0,477;0,097;0,898;0,761;0,779;0,151;0,669;0,294;0,369;0,87;0,309
0,995;0,183;0,661;0,188;0,067;0,035;0,331;0,537;0,822;0,112;0,972;0,238;0,865;0,663;0,365
0,75;0,73;0,861;0,154;0,327;0,044;0,068;0,333;0,131;0,504;0,756;0,141;0,298;0,71;0,468
0,106;0,349;0,849;0,706;0,247;0,308;0,657;0,341;0,253;0,674;0,974;0,303;0,935;0,82;0,474
0,63;0,973;0,411;0,403;0,091;0,846;0,355;0,994;0,025;0,572;0,046;0,906;0,183;0,336;0,554
0,851;0,027;0,084;0,879;0,793;0,541;0,053;0,842;0,363;0,7;0,385;0,615;0,908;0,28;0,25
0,055;0,724;0,361;0,079;0,132;0,431;0,481;0,038;0,227;0,132;0,224;0,905;0,95;0,921;0,335
0,147;0,083;0,07;0,27;0,206;0,557;0,595;0,358;0,414;0,457;0,43;0,094;0,036;0,188;0,128
0,561;0,391;0,557;0,483;0,698;0,475;0,499;0,721;0,075;0,827;0,505;0,079;0,199;0,168;0,814
0,89;0,01;0,274;0,258;0,163;0,064;0,972;0,691;0,568;0,225;0,1;0,046;0,534;0,018;0,908
0,736;0,676;0,284;0,106;0,436;0,055;0,75;0,471;0,348;0,838;0,283;0,963;0,043;0,124;0,025
0,778;0,019;0,429;0,917;0,844;0,876;0,295;0,242;0,319;0,946;0,462;0,055;0,986;0,413;0,546
0,469;0,631;0,773;0,05;0,676;0,512;0,675;0,13;0,041;0,083;0,572;0,413;0,138;0,653;0,047
0,54;0,686;0,929;0,831;0,407;0,33;0,506;0,349;0,16;0,997;0,732;0,262;0,094;0,857;0,07
0,473;0,42;0,338;0,582;0,564;0,851;0,715;0,986;0,134;0,098;0,57;0,019;0,052;0,209;0,559
0,696;0,301;0,655;0,274;0,246;0,043;0,886;0,671;0,905;0,914;0,823;0,844;0,185;0,234;0,648
0,886;0,944;0,874;0,184;0,706;0,05;0,057;0,277;0,04;0,025;0,113;0,117;0,521;0,283;0,049
0,754;0,801;0,712;0,817;0,86;0,788;0,234;0,075;0,574;0,463;0,095;0,083;0,863;0,222;0,091
0,568;0,036;0,11;0,236;0,717;0,21;0,747;0,102;0,134;0,466;0,925;0,997;0,415;0,517;0,995
0,448;0,811;0,365;0,515;0,9;0,037;0,244;0,683;0,741;0,359;0,387;0,739;0,711;0,854;0,14
0,304;0,648;0,648;0,938;0,118;0,947;0,886;0,519;0,909;0,802;0,892;0,286;0,069;0,254;0,588
0,155;0,722;0,814;0,633;0,088;0,548;0,974;0,491;0,124;0,875;0,558;0,655;0,751;0,498;0,385
0,933;0,592;0,655;0,034;0,853;0,3;0,32;0,536;0,051;0,49;0,587;0,72;0,159;0,185;0,348
0,642;0,372;0,074;0,982;0,423;0,94;0,204;0,078;0,334;0,708;0,671;0,393;0,742;0,238;0,035
0,97;0,511;0,629;0,028;0,682;0,176;0,413;0,533;0,532;0,526;0,674;0,685;0,563;0,354;0,148
0,099;0,382;0,159;0,134;0,563;0,813;0,835;0,198;0,525;0,219;0,487;0,748;0,109;0,917;0,093
0,323;0,45;0,985;0,541;0,026;0,463;0,106;0,77;0,791;0,448;0,687;0,275;0,74;0,719;0,747
0,865;0,35;0,954;0,671;0,281;0,14;0,764;0,115;0,989;0,086;0,225;0,017;0,43;0,337;0,15
0,282;0,503;0,096;0,157;0,14;0,982;0,424;0,398;0,717;0,332;0,672;0,033;0,917;0,201;0,444
0,798;0,805;0,924;0,674;0,567;0,746;0,419;0,282;0,291;0,773;0,289;0,529;0,088;0,166;0,344
0,294;0,697;0,351;0,364;0,747;0,627;0,79;0,747;0,4;0,628;0,891;0,919;0,812;0,181;0,271
0,322;0,459;0,462;0,551;0,219;0,007;0,014;0,338;0,598;0,297;0,148;0,032;0,587;0,312;0,451
0,638;0,823;0,017;0,115;0,112;0,171;0,24;0,793;0,407;0,692;0,432;0,719;0,388;0,483;0,558
0,499;0,321;0,615;0,642;0,663;0,415;0,482;0,538;0,444;0,303;0,271;0,48;0,438;0,347;0,051
0,45;0,72;0,606;0,929;0,083;0,905;0,427;0,652;0,585;0,076;0,759;0,712;0,368;0,593;0,694
0,991;0,784;0,951;0,334;0,241;0,119;0,787;0,062;0,138;0,901;0,056;0,661;0,732;0,716;0,87
0,966;0,394;0,257;0,438;0,282;0,631;0,701;0,036;0,386;0,212;0,849;0,76;0,223;0,688;0,832
0,722;0,812;0,465;0,013;0,12;0,45;0,91;0,707;0,041;0,113;0,941;0,278;0,358;0,898;0,136
0,333;0,961;0,072;0,418;0,152;0,645;0,606;0,357;0,816;0,024;0,865;0,312;0,592;0,582;0,211
0,011;0,425;0,683;0,013;0,521;0,31;0,53;0,72;0,765;0,096;0,153;0,706;0,912;0,896;0,91
0,052;0,028;0,636;0,372;0,805;0,872;0,535;0,977;0,395;0,522;0,766;0,124;0,512;0,963;0,062
0,918;0,034;0,388;0,707;0,668;0,102;0,204;0,402;0,667;0,278;0,992;0,83;0,883;0,211;0,389
0,199;0,015;0,402;0,625;0,226;0,061;0,814;0,196;0,041;0,561;0,245;0,54;0,498;0,647;0,045
0,623;0,393;0,53;0,4;0,294;0,862;0,591;0,739;0,415;0,045;0,481;0,989;0,503;0,263;0,034
0,927;0,547;0,759;0,978;0,377;0,548;0,754;0,259;0,65;0,246;0,691;0,701;0,512;0,619;0,57
0,843;0,701;0,36;0,756;0,518;0,556;0,941;0,675;0,786;0,591;0,761;0,441;0,531;0,513;0,069
0,689;0,612;0,791;0,82;0,716;0,595;0,409;0,926;0,931;0,375;0,196;0,3;0,426;0,297;0,36
0,259;0,559;0,069;0,636;0,591;0,928;0,619;0,19;0,48;0,548;0,785;0,048;0,91;0,662;0,307
0,575;0,348;0,661;0,697;0,007;0,923;0,635;0,073;0,934;0,53;0,766;0,327;0,367;0,378;0,226
0,538;0,543;0,241;0,869;0,036;0,347;0,132;0,357;0,538;0,636;0,293;0,548;0,047;0,762;0,128
0,743;0,368;0,988;0,494;0,168;0,411;0,038;0,334;0,446;0,488;0,823;0,599;0,319;0,461;0,649
0,484;0,214;0,408;0,436;0,798;0,578;0,992;0,387;0,589;0,342;0,391;0,349;0,375;0,829;0,321
0,872;0,778;0,479;0,14;0,591;0,199;0,793;0,143;0,818;0,762;0,887;0,876;0,728;0,426;0,371
0,874;0,42;0,635;0,99;0,267;0,948;0,872;0,432;0,536;0,635;0,282;0,828;0,634;0,207;0,106
0,567;0,675;0,579;0,109;0,44;0,046;0,488;0,151;0,299;0,563;0,413;0,211;0,975;0,698;0,316
0,973;0,92;0,618;0,51;0,699;0,625;0,696;0,43;0,979;0,857;0,79;0,132;0,917;0,476;0,872
0,239;0,059;0,387;0,44;0,038;0,407;0,785;0,737;0,504;0,033;0,329;0,391;0,397;0,261;0,875
0,499;0,712;0,168;0,438;0,92;0,27;0,42;0,519;0,599;0,716;0,718;0,138;0,179;0,939;0,284
0,067;0,712;0,945;0,447;0,637;0,819;0,084;0,344;0,037;0,922;0,137;0,133;0,623;0,076;0,506
0,674;0,373;0,982;0,041;0,847;0,192;0,497;0,952;0,652;0,094;0,982;0,233;0,208;0,431;0,267
0,55;0,971;0,592;0,412;0,372;0,068;0,981;0,579;0,95;0,9;0,891;0,906;0,291;0,241;0,919
0,233;0,401;0,659;0,374;0,565;0,464;0,054;0,954;0,828;0,409;0,541;0,662;0,613;0,635;0,581
0,659;0,916;0,919;0,308;0,376;0,771;0,578;0,977;0,973;0,103;0,483;0,495;0,367;0,425;0,072
0,993;0,562;0,53;0,693;0,818;0,023;0,245;0,861;0,864;0,424;0,617;0,696;0,104;0,128;0,482
0,017;0,515;0,277;0,941;0,021;0,1;0,847;0,971;0,349;0,255;0,851;0,046;0,078;0,638;0,126
0,886;0,578;0,106;0,105;0,375;0,396;0,865;0,498;0,879;0,622;0,619;0,169;0,691;0,978;0,046
0,883;0,873;0,895;0,715;0,084;0,287;0,726;0,365;0,557;0,586;0,473;0,061;0,583;0,586;0,194
0,879;0,619;0,08;0,629;0,774;0,83;0,462;0,353;0,788;0,045;0,941;0,889;0,154;0,358;0,594
0,958;0,876;0,571;0,367;0,315;0,211;0,715;0,249;0,146;0,812;0,203;0,063;0,903;0,542;0,02
0,638;0,491;0,299;0,639;0,626;0,066;0,258;0,096;0,305;0,866;0,003;0,482;0,333;0,894;0,811
0,468;0,001;0,581;0,135;0,451;0,399;0,076;0,807;0,743;0,181;0,885;0,879;0,319;0,978;0,754
0,487;0,675;0,977;0,513;0,591;0,655;0,437;0,839;0,439;0,262;0,712;0,027;0,045;0,356;0,797
0,168;0,706;0,045;0,694;0,009;0,076;0,228;0,623;0,118;0,524;0,028;0,91;0,807;0,252;0,507
0,774;0,898;0,986;0,638;0,246;0,729;0,936;0,505;0,746;0,195;0,449;0,641;0,564;0,371;0,069
0,253;0,696;0,887;0,372;0,083;0,209;0,07;0,729;0,446;0,882;0,492;0,34;0,918;0,416;0,641
0,692;0,05;0,823;0,277;0,55;0,694;0,443;0,241;0,421;0,679;0,646;0,204;0,841;0,978;0,266
0,062;0,193;0,689;0,68;0,939;0,89;0,582;0,178;0,498;0,003;0,452;0,876;0,809;0,025;0,134
0,513;0,412;0,656;0,653;0,67;0,716;0,976;0,748;0,943;0,434;0,864;0,93;0,863;0,9;0,887
0,478;0,541;0,934;0,817;0,039;0,888;0,307;0,34;0,653;0,524;0,474;0,577;0,872;0,649;0,663
0,792;0,923;0,876;0,782;0,052;0,754;0,523;0,145;0,325;0,832;0,506;0,665;0,761;0,863;0,54
0,914;0,704;0,741;0,582;0,367;0,528;0,239;0,518;0,2;0,059;0,528;0,727;0,069;0,301;0,776
0,765;0,104;0,248;0,421;0,468;0,409;0,671;0,476;0,55;0,696;0,717;0,383;0,261;0,074;0,95
0,458;0,127;0,368;0,977;0,21;0,158;0,063;0,195;0,303;0,62;0,832;0,204;0,012;0,773;0,319
0,066;0,484;0,033;0,686;0,551;0,984;0,146;0,24;0,113;0,668;0,198;0,003;0,793;0,505;0,989
0,391;0,084;0,765;0,367;0,93;0,14;0,013;0,679;0,444;0,903;0,068;0,572;0,101;0,101;0,294
0,557;0,448;0,612;0,496;0,966;0,27;0,546;0,871;0,182;0,37;0,103;0,072;0,315;0,019;0,836
0,345;0,982;0,404;0,452;0,316;0,335;0,141;0,829;0,526;0,283;0,401;0,601;0,606;0,769;0,984
0,079;0,292;0,957;0,524;0,902;0,934;0,306;0,938;0,988;0,224;0,262;0,77;0,473;0,514;0,418
0,198;0,312;0,583;0,741;0,145;0,766;0,898;0,262;0,73;0,991;0,959;0,685;0,627;0,742;0,834
0,1;0,042;0,667;0,979;0,905;0,311;0,498;0,105;0,257;0,187;0,447;0,449;0,1;0,411;0,503
0,569;0,263;0,402;0,788;0,621;0,798;0,921;0,702;0,964;0,572;0,939;0,724;0,857;0,344;0,855
0,598;0,269;0,82;0,101;0,714;0,246;0,089;0,445;0,205;0,307;0,428;0,204;0,024;0,077;0,705
0,303;0,192;0,096;0,79;0,883;0,679;0,808;0,956;0,115;0,423;0,93;0,486;0,823;0,93;0,667
0,743;0,599;0,197;0,79;0,378;0,582;0,345;0,999;0,721;0,12;0,303;0,92;0,696;0,834;0,743
0,216;0,602;0,519;0,274;0,337;0,659;0,967;0,627;0,02;0,457;0,36;0,059;0,114;0,706;0,921
0,072;0,226;0,332;0,956;0,721;0,177;0,134;0,374;0,639;0,693;0,562;0,763;0,2;0,748;0,28
0,387;0,658;0,846;0,991;0,872;0,587;0,823;0,76;0,701;0,196;0,366;0,376;0,592;0,715;0,331
0,099;0,155;0,316;0,836;0,826;0,988;0,368;0,966;0,596;0,665;0,72;0,572;0,885;0,707;0,791
0,338;0,146;0,63;0,407;0,107;0,595;0,572;0,226;0,016;0,144;0,778;0,121;0,131;0,568;0,131
0,164;0,419;0,282;0,068;0,426;0,624;0,9;0,755;0,991;0,441;0,09;0,898;0,145;0,793;0,27
0,546;0,587;0,949;0,536;0,105;0,779;0,614;0,13;0,421;0,414;0,02;0,625;0,362;0,261;0,125
0,491;0,678;0,796;0,489;0,505;0,646;0,082;0,949;0,418;0,82;0,335;0,205;0,434;0,331;0,959
0,583;0,944;0,197;0,077;0,933;0,742;0,858;0,952;0,266;0,884;0,176;0,648;0,721;0,068;0,988
0,622;0,606;0,36;0,445;0,543;0,718;0,227;0,715;0,239;0,181;0,789;0,973;0,675;0,152;0,59
0,484;0,609;0,467;0,492;0,694;0,204;0,186;0,328;0,155;0,581;0,34;0,366;0,723;0,589;0,856
0,05;0,946;0,521;0,876;0,829;0,363;0,894;0,929;0,12;0,068;0,325;0,038;0,115;0,298;0,639
0,665;0,594;0,102;0,272;0,964;0,39;0,987;0,312;0,253;0,548;0,915;0,25;0,399;0,05;0,904
0,985;0,498;0,461;0,568;0,129;0,117;0,83;0,142;0,033;0,664;0,237;0,132;0,89;0,082;0,601
0,494;0,737;0,906;0,001;0,576;0,81;0,075;0,501;0,479;0,167;0,264;0,916;0,733;0,564;0,072
0,78;0,729;0,803;0,334;0,349;0,409;0,678;0,794;0,815;0,344;0,733;0,948;0,667;0,613;0,123
0,403;0,487;0,586;0,582;0,338;0,616;0,791;0,409;0,082;0,948;0,964;0,539;0,407;0,482;0,956
0,864;0,931;0,585;0,022;0,92;0,691;0,998;0,878;0,476;0,197;0,727;0,791;0,579;0,948;0,087
0,076;0,814;0,963;0,752;0,289;0,108;0,283;0,021;0,2;0,204;0,652;0,302;0,12;0,968;0,564
0,245;0,48;0,311;0,961;0,288;0,924;0,949;0,305;0,688;0,65;0,354;0,964;0,754;0,808;0,572
0,749;0,57;0,086;0,033;0,243;0,039;0,534;0,053;0,41;0,945;0,136;0,549;0,583;0,625;0,73
0,429;0,408;0,42;0,578;0,22;0,619;0,801;0,129;0,582;0,139;0,795;0,422;0,49;0,058;0,5
0,12;0,932;0,096;0,915;0,622;0,658;0,41;0,401;0,943;0,234;0,864;0,994;0,788;0,302;0,467
0,693;0,853;0,363;0,174;0,57;0,807;0,039;0,458;0,976;0,376;0,336;0,155;0,719;0,399;0,189
0,842;0,703;0,027;0,139;0,658;0,354;0,278;0,177;0,57;0,816;0,248;0,748;0,206;0,208;0,728
0,065;0,863;0,61;0,927;0,811;0,295;0,587;0,382;0,415;0,321;0,997;0,321;0,164;0,035;0,047
0,008;0,41;0,43;0,821;0,087;0,058;0,616;0,797;0,838;0,61;0,061;0,268;0,872;0,999;0,01
0,234;0,319;0,267;0,465;0,587;0,669;0,374;0,457;0,466;0,692;0,79;0,666;0,36;0,634;0,814
0,493;0,955;0,775;0,929;0,264;0,869;0,071;0,666;0,123;0,499;0,396;0,686;0,384;0,788;0,193
0,754;0,481;0,767;0,847;0,399;0,13;0,049;0,159;0,084;0,727;0,134;0,173;0,29;0,039;0,156
0,367;0,488;0,618;0,655;0,093;0,354;0,278;0,271;0,807;0,329;0,843;0,434;0,458;0,242;0,214
0,477;0,691;0,264;0,138;0,066;0,249;0,442;0,317;0,971;0,455;0,718;0,832;0,014;0,376;0,659
0,285;0,249;0,671;0,6;0,097;0,017;0,0;0,137;0,754;0,642;0,008;0,865;0,653;0,671;0,391
0,488;0,097;0,768;0,556;0,71;0,011;0,73;0,39;0,987;0,57;0,406;0,507;0,616;0,818;0,289
0,114;0,215;0,59;0,518;0,548;0,251;0,618;0,334;0,18;0,462;0,28;0,438;0,379;0,144;0,784
0,359;0,78;0,194;0,845;0,434;0,467;0,829;0,341;0,359;0,513;0,475;0,525;0,848;0,167;0,866
0,564;0,018;0,406;0,177;0,648;0,305;0,896;0,162;0,527;0,209;0,875;0,095;0,455;0,892;0,678
0,552;0,416;0,345;0,782;0,552;0,641;0,673;0,985;0,926;0,254;0,759;0,407;0,033;0,982;0,984
0,048;0,847;0,148;0,939;0,268;0,001;0,309;0,593;0,954;0,248;0,184;0,214;0,716;0,123;0,09
0,385;0,164;0,46;0,013;0,999;0,399;0,505;0,723;0,664;0,527;0,708;0,486;0,861;0,947;0,994
0,183;0,014;0,812;0,017;0,854;0,778;0,522;0,578;0,121;0,681;0,548;0,197;0,208;0,94;0,984
0,571;0,667;0,892;0,352;0,142;0,602;0,426;0,463;0,935;0,51;0,423;0,075;0,264;0,798;0,884
0,413;0,699;0,654;0,207;0,456;0,773;0,996;0,793;0,128;0,045;0,194;0,354;0,586;0,736;0,961
0,717;0,8;0,686;0,74;0,515;0,84;0,419;0,057;0,867;0,384;0,774;0,759;0,299;0,707;0,783
0,113;0,304;0,231;0,444;0,066;0,998;0,009;0,745;0,155;0,376;0,739;0,917;0,305;0,346;0,956
0,976;0,554;0,44;0,027;0,179;0,162;0,057;0,794;0,468;0,405;0,781;0,555;0,546;0,318;0,866
0,21;0,105;0,742;0,396;0,869;0,074;0,925;0,156;0,744;0,499;0,983;0,791;0,36;0,1;0,121
0,988;0,482;0,219;0,323;0,641;0,382;0,227;0,394;0,845;0,037;0,368;0,036;0,945;0,907;0,714
0,356;0,839;0,463;0,34;0,031;0,784;0,304;0,816;0,013;0,319;0,012;0,889;0,09;0,262;0,687
0,443;0,531;0,202;0,14;0,922;0,13;0,225;0,622;0,639;0,92;0,446;0,615;0,278;0,23;0,306
0,535;0,908;0,862;0,185;0,225;0,631;0,922;0,284;0,026;0,762;0,279;0,251;0,262;0,4;0,109
0,788;0,124;0,699;0,649;0,959;0,758;0,26;0,333;0,763;0,031;0,44;0,721;0,762;0,375;0,348
0,18;0,999;0,262;0,195;0,435;0,682;0,978;0,129;0,068;0,364;0,748;0,86;0,643;0,233;0,385
0,089;0,69;0,942;0,898;0,602;0,361;0,683;0,999;0,451;0,021;0,028;0,077;0,345;0,03;0,605
0,62;0,954;0,002;0,193;0,081;0,002;0,722;0,717;0,543;0,704;0,405;0,81;0,497;0,939;0,584
0,232;0,358;0,569;0,529;0,478;0,804;0,419;0,671;0,102;0,117;0,449;0,22;0,85;0,196;0,783
0,66;0,396;0,212;0,066;0,681;0,419;0,394;0,238;0,625;0,893;0,587;0,031;0,486;0,982;0,678
0,98;0,092;0,593;0,779;0,348;0,584;0,223;0,307;0,021;0,439;0,387;0,705;0,588;0,3;0,947
0,591;0,586;0,09;0,111;0,909;0,444;0,61;0,124;0,578;0,918;0,161;0,06;0,059;0,435;0,6
0,741;0,889;0,157;0,648;0,811;0,683;0,354;0,379;0,863;0,74;0,28;0,528;0,304;0,48;0,435
0,839;0,81;0,812;0,96;0,021;0,438;0,836;0,459;0,099;0,919;0,432;0,415;0,583;0,717;0,535
0,357;0,103;0,906;0,521;0,38;0,91;0,665;0,227;0,285;0,896;0,571;0,678;0,376;0,291;0,339
0,498;0,184;0,68;0,635;0,582;0,224;0,701;0,859;0,37;0,646;0,579;0,784;0,131;0,119;0,357
0,577;0,986;0,276;0,092;0,336;0,26;0,494;0,079;0,586;0,539;0,396;0,005;0,011;0,104;0,744
0,896;0,362;0,526;0,709;0,719;0,403;0,084;0,137;0,317;0,264;0,546;0,785;0,491;0,084;0,832
0,667;0,64;0,945;0,275;0,602;0,932;0,71;0,13;0,191;0,721;0,906;0,252;0,014;0,981;0,723
0,764;0,715;0,899;0,852;0,989;0,99;0,975;0,206;0,973;0,966;0,952;0,994;0,006;0,73;0,491
0,143;0,586;0,343;0,699;0,151;0,692;0,76;0,04;0,314;0,842;0,061;0,783;0,13;0,738;0,716
0,512;0,092;0,396;0,421;0,306;0,565;0,935;0,374;0,649;0,991;0,892;0,931;0,27;0,772;0,509
0,987;0,101;0,308;0,877;0,595;0,627;0,517;0,497;0,874;0,904;0,622;0,693;0,134;0,552;0,022
0,58;0,185;0,368;0,527;0,508;0,706;0,986;0,083;0,066;0,308;0,476;0,922;0,134;0,503;0,822
0,017;0,731;0,319;0,369;0,286;0,507;0,439;0,715;0,066;0,957;0,716;0,729;0,268;0,379;0,184
0,408;0,866;0,32;0,003;0,499;0,773;0,536;0,308;0,136;0,685;0,471;0,557;0,612;0,62;0,318
0,323;0,628;0,315;0,751;0,047;0,547;0,529;0,186;0,531;0,98;0,051;0,606;0,879;0,641;0,127
0,74;0,846;0,88;0,052;0,73;0,381;0,443;0,663;0,771;0,55;0,171;0,871;0,613;0,175;0,792
0,39;0,497;0,524;0,729;0,958;0,277;0,664;0,458;0,557;0,961;0,216;0,891;0,47;0,022;0,888
0,011;0,696;0,048;0,286;0,983;0,712;0,394;0,914;0,628;0,24;0,089;0,483;0,889;0,072;0,645
0,075;0,467;0,817;0,578;0,443;0,716;0,105;0,622;0,141;0,362;0,929;0,803;0,869;0,26;0,954
0,168;0,048;0,926;0,706;0,302;0,351;0,652;0,565;0,514;0,341;0,236;0,644;0,505;0,327;0,06
0,073;0,098;0,19;0,212;0,903;0,866;0,765;0,435;0,772;0,837;0,077;0,605;0,172;0,819;0,008
0,68;0,982;0,254;0,145;0,687;0,149;0,254;0,176;0,109;0,155;0,787;0,756;0,137;0,077;0,937
0,049;0,824;0,238;0,324;0,466;0,469;0,161;0,865;0,089;0,159;0,912;0,145;0,359;0,141;0,142
0,453;0,064;0,327;0,439;0,167;0,595;0,661;0,384;0,687;0,139;0,311;0,484;0,772;0,061;0,482
0,606;0,313;0,498;0,727;0,456;0,433;0,947;0,758;0,494;0,177;0,707;0,869;0,788;0,377;0,171
0,39;0,743;0,493;0,217;0,603;0,209;0,506;0,889;0,549;0,777;0,249;0,248;0,801;0,667;0,631
0,202;0,372;0,435;0,187;0,138;0,177;0,13;0,55;0,889;0,411;0,897;0,887;0,503;0,288;0,451
0,399;0,689;0,247;0,255;0,328;0,185;0,12;0,269;0,927;0,697;0,554;0,197;0,276;0,729;0,421
0,354;0,829;0,673;0,311;0,13;0,281;0,12;0,162;0,228;0,681;0,811;0,619;0,265;0,841;0,336
0,886;0,133;0,644;0,969;0,842;0,417;0,572;0,133;0,567;0,114;0,561;0,105;0,303;0,649;0,409
0,319;0,349;0,638;0,161;0,478;0,237;0,491;0,215;0,532;0,42;0,72;0,202;0,649;0,609;0,133
0,367;0,741;0,076;0,149;0,207;0,58;0,693;0,687;0,48;0,222;0,072;0,485;0,766;0,705;0,949
0,87;0,527;0,801;0,93;0,315;0,936;0,375;0,948;0,86;0,948;0,947;0,332;0,522;0,887;0,621
0,439;0,802;0,119;0,871;0,731;0,554;0,138;0,255;0,701;0,414;0,243;0,51;0,234;0,576;0,867
0,244;0,292;0,349;0,647;0,162;0,257;0,36;0,956;0,133;0,833;0,687;0,948;0,896;0,162;0,404
0,294;0,385;0,426;0,647;0,453;0,152;0,854;0,318;0,63;0,038;0,621;0,729;0,966;0,767;0,616
0,426;0,459;0,149;0,072;0,484;0,973;0,893;0,822;0,11;0,536;0,191;0,579;0,753;0,842;0,284
0,073;0,201;0,502;0,963;0,851;0,462;0,229;0,672;0,381;0,131;0,312;0,426;0,131;0,073;0,103
0,652;0,133;0,457;0,432;0,132;0,74;0,835;0,773;0,257;0,675;0,739;0,965;0,066;0,458;0,622
0,94;0,901;0,096;0,194;0,676;0,79;0,375;0,404;0,966;0,548;0,087;0,39;0,274;0,967;0,41
0,828;0,145;0,973;0,757;0,703;0,53;0,321;0,755;0,953;0,661;0,43;0,148;0,638;0,416;0,383
0,368;0,571;0,626;0,783;0,241;0,654;0,588;0,812;0,951;0,686;0,626;0,721;0,635;0,623;0,295
0,853;0,738;0,781;0,68;0,788;0,078;0,76;0,41;0,53;0,122;0,929;0,857;0,666;0,491;0,793
0,031;0,582;0,176;0,152;0,868;0,308;0,874;0,002;0,393;0,945;0,552;0,176;0,28;0,363;0,244
0,742;0,276;0,548;0,289;0,865;0,069;0,254;0,991;0,467;0,426;0,008;0,738;0,618;0,742;0,057
0,258;0,68;0,959;0,962;0,41;0,234;0,484;0,708;0,091;0,689;0,688;0,266;0,814;0,091;0,105
0,651;0,998;0,796;0,292;0,438;0,374;0,041;0,907;0,972;0,085;0,014;0,305;0,826;0,216;0,252
0,924;0,402;0,102;0,618;0,695;0,173;0,79;0,439;0,241;0,519;0,895;0,531;0,934;0,251;0,617
0,891;0,575;0,968;0,547;0,932;0,606;0,309;0,872;0,877;0,494;0,309;0,1;0,541;0,719;0,768
0,908;0,177;0,963;0,822;0,699;0,272;0,702;0,365;0,897;0,329;0,319;0,749;0,389;0,129;0,665
0,113;0,968;0,432;0,609;0,308;0,239;0,742;0,378;0,407;0,772;0,204;0,943;0,688;0,928;0,998
0,788;0,995;0,341;0,088;0,664;0,307;0,3;0,411;0,032;0,751;0,397;0,86;0,105;0,301;0,184
0,933;0,659;0,618;0,129;0,507;0,294;0,114;0,559;0,545;0,832;0,323;0,054;0,942;0,833;0,617
0,259;0,077;0,918;0,575;0,624;0,981;0,357;0,415;0,407;0,233;0,467;0,686;0,374;0,799;0,005
0,015;0,19;0,022;0,344;0,991;0,709;0,816;0,475;0,602;0,224;0,556;0,452;0,971;0,263;0,366
0,885;0,262;0,04;0,572;0,243;0,631;0,149;0,624;0,503;0,08;0,203;0,263;0,759;0,515;0,418
0,898;0,632;0,806;0,619;0,753;0,862;0,617;0,552;0,823;0,695;0,454;0,103;0,877;0,663;0,587
0,205;0,066;0,124;0,153;0,121;0,978;0,328;0,417;0,775;0,525;0,799;0,928;0,002;0,883;0,419
0,697;0,507;0,491;0,031;0,018;0,908;0,326;0,775;0,499;0,852;0,527;0,92;0,789;0,37;0,025
0,228;0,263;0,727;0,028;0,904;0,186;0,789;0,361;0,111;0,177;0,971;0,026;0,577;0,405;0,055
0,932;0,763;0,102;0,122;0,749;0,685;0,866;0,371;0,357;0,427;0,689;0,264;0,371;0,466;0,433
0,087;0,907;0,156;0,285;0,854;0,413;0,727;0,762;0,854;0,869;0,55;0,983;0,822;0,715;0,321
0,533;0,019;0,83;0,277;0,524;0,239;0,542;0,329;0,823;0,613;0,861;0,869;0,281;0,987;0,004
0,436;0,313;0,481;0,736;0,971;0,796;0,267;0,732;0,657;0,226;0,331;0,182;0,774;0,607;0,379
0,169;0,999;0,026;0,213;0,556;0,502;0,624;0,194;0,49;0,636;0,594;0,563;0,907;0,261;0,215
0,912;0,35;0,508;0,117;0,847;0,203;0,421;0,283;0,581;0,408;0,165;0,063;0,67;0,142;0,836
0,019;0,64;0,088;0,287;0,014;0,902;0,004;0,081;0,778;0,509;0,337;0,194;0,16;0,338;0,018
0,313;0,743;0,334;0,321;0,075;0,598;0,438;0,96;0,291;0,189;0,521;0,927;0,578;0,193;0,829
0,631;0,631;0,676;0,801;0,759;0,615;0,374;0,904;0,393;0,522;0,23;0,33;0,74;0,885;0,857
0,327;0,483;0,888;0,703;0,468;0,807;0,773;0,846;0,564;0,402;0,586;0,982;0,962;0,082;0,863
0,88;0,585;0,727;0,98;0,647;0,609;0,713;0,155;0,243;0,831;0,451;0,269;0,617;0,051;0,697
0,104;0,585;0,051;0,697;0,04;0,801;0,373;0,842;0,726;0,302;0,052;0,961;0,474;0,316;0,453
0,32;0,747;0,309;0,55;0,196;0,887;0,239;0,512;0,589;0,06;0,032;0,569;0,366;0,642;0,297
0,686;0,998;0,048;0,243;0,385;0,638;0,914;0,028;0,955;0,2;0,453;0,749;0,315;0,006;0,396
0,126;0,889;0,871;0,541;0,167;0,42;0,363;0,845;0,807;0,946;0,939;0,767;0,901;0,332;0,858
0,867;0,574;0,641;0,695;0,526;0,932;0,708;0,62;0,142;0,154;0,507;0,43;0,58;0,623;0,07
0,362;0,077;0,603;0,35;0,67;0,518;0,541;0,875;0,361;0,993;0,606;0,358;0,161;0,882;0,343
0,786;0,796;0,458;0,884;0,885;0,362;0,676;0,398;0,45;0,412;0,192;0,726;0,231;0,504;0,562
0,829;0,829;0,808;0,85;0,934;0,296;0,913;0,299;0,78;0,061;0,657;0,654;0,017;0,855;0,364
0,48;0,956;0,224;0,85;0,004;0,448;0,283;0,908;0,95;0,581;0,886;0,978;0,517;0,485;0,328
0,613;0,583;0,532;0,979;0,017;0,056;0,223;0,461;0,322;0,411;0,949;0,739;0,883;0,959;0,84
0,196;0,325;0,817;0,245;0,232;0,299;0,629;0,662;0,372;0,367;0,084;0,287;0,217;0,338;0,233
0,77;0,437;0,653;0,154;0,589;0,378;0,635;0,291;0,034;0,926;0,485;0,321;0,104;0,392;0,732
0,756;0,393;0,236;0,659;0,679;0,685;0,212;0,098;0,853;0,087;0,215;0,709;0,135;0,934;0,151
0,738;0,424;0,834;0,227;0,658;0,284;0,631;0,121;0,85;0,584;0,072;0,846;0,647;0,976;0,761
0,93;0,041;0,404;0,695;0,748;0,055;0,916;0,939;0,898;0,029;0,231;0,12;0,088;0,002;0,666
0,728;0,672;0,171;0,171;0,545;0,618;0,051;0,181;0,959;0,102;0,972;0,698;0,398;0,229;0,105
0,242;0,248;0,162;0,817;0,775;0,083;0,705;0,648;0,679;0,752;0,12;0,936;0,422;1,0;0,506
0,682;0,13;0,376;0,199;0,076;0,708;0,063;0,099;0,616;0,856;0,968;0,5;0,688;0,194;0,248
0,94;0,341;0,97;0,845;0,379;0,249;0,398;0,771;0,434;0,611;0,76;0,226;0,712;0,234;0,365
0,569;0,83;0,041;0,33;0,329;0,618;0,907;0,311;0,039;0,116;0,942;0,483;0,276;0,04;0,243
0,854;0,483;0,537;0,172;0,592;0,968;0,769;0,141;0,087;0,165;0,195;0,438;0,26;0,276;0,799
0,319;0,393;0,29;0,227;0,883;0,974;0,776;0,683;0,962;0,116;0,598;0,867;0,726;0,075;0,451
0,941;0,454;0,869;0,238;0,8;0,78;0,84;0,093;0,974;0,136;0,874;0,21;0,408;0,042;0,492
0,715;0,467;0,022;0,592;0,85;0,578;0,824;0,052;0,022;0,648;0,02;0,172;0,583;0,471;0,218
0,921;0,757;0,286;0,887;0,784;0,444;0,731;0,949;0,209;0,818;0,139;0,741;0,858;0,795;0,554
0,225;0,561;0,838;0,476;0,648;0,249;0,215;0,178;0,008;0,513;0,586;0,394;0,417;0,839;0,555
0,746;0,991;0,482;0,133;0,298;0,448;0,576;0,429;0,423;0,756;0,927;0,213;0,175;0,482;0,46
0,376;0,18;0,385;0,453;0,485;0,876;0,201;0,832;0,723;0,403;0,19;0,071;0,121;0,829;0,379
0,904;0,747;0,787;0,609;0,091;0,279;0,188;0,47;0,184;0,698;0,737;0,582;0,308;0,68;0,553
0,223;0,905;0,175;0,404;0,715;0,225;0,505;0,059;0,983;0,719;0,568;0,275;0,061;0,802;0,874
0,005;0,285;0,785;0,135;0,489;0,866;0,759;0,179;0,381;0,246;0,709;0,305;0,846;0,045;0,383
0,595;0,62;0,154;0,086;0,259;0,043;0,284;0,989;0,762;0,067;0,62;0,198;0,344;0,686;0,438
0,517;0,227;0,489;0,903;0,486;0,903;0,701;0,336;0,327;0,122;0,735;0,692;0,853;0,093;0,997
0,719;0,414;0,08;0,433;0,788;0,164;0,783;0,669;0,06;0,226;0,19;0,064;0,587;0,341;0,773
0,424;0,581;0,979;0,541;0,735;0,091;0,376;0,301;0,838;0,849;0,813;0,942;0,988;0,803;0,641
0,618;0,435;0,392;0,841;0,834;0,91;0,176;0,719;0,51;0,454;0,522;0,882;0,952;0,05;0,681
0,414;0,173;0,051;0,332;0,523;0,915;0,883;0,768;0,644;0,757;0,336;0,915;0,452;0,629;0,963
0,141;0,192;0,547;0,683;0,997;0,008;0,498;0,417;0,887;0,84;0,751;0,762;0,158;0,258;0,766
0,838;0,819;0,204;0,964;0,412;0,145;0,928;0,93;0,676;0,913;0,877;0,323;0,229;0,593;0,522
0,911;0,851;0,332;0,61;0,323;0,824;0,05;0,405;0,067;0,435;0,805;0,176;0,44;0,731;0,36
0,156;0,246;0,59;0,412;0,649;0,9;0,979;0,753;0,742;0,423;0,598;0,232;0,527;0,366;0,557
0,005;0,444;0,633;0,711;0,655;0,019;0,67;0,969;0,152;0,246;0,875;0,676;0,655;0,636;0,186
0,227;0,8;0,417;0,337;0,903;0,157;0,719;0,641;0,651;0,047;0,821;0,053;0,344;0,495;0,381
0,334;0,879;0,392;0,411;0,067;0,748;0,232;0,598;0,653;0,432;0,351;0,822;0,849;0,582;0,245
0,923;0,019;0,053;0,907;0,817;0,886;0,837;0,551;0,083;0,99;0,881;0,655;0,091;0,554;0,295
0,379;0,139;0,463;0,713;0,527;0,194;0,746;0,534;0,043;0,317;0,18;0,169;0,618;0,698;0,431
0,18;0,022;0,691;0,083;0,207;0,378;0,446;0,862;0,733;0,949;0,486;0,303;0,457;0,545;0,61
0,758;0,921;0,142;0,949;0,932;0,7;0,62;0,651;0,776;0,655;0,659;0,868;0,17;0,943;0,816
0,966;0,002;0,79;0,152;0,43;0,329;0,985;0,105;0,502;0,808;0,443;0,637;0,655;0,365;0,053
0,73;0,915;0,796;0,376;0,234;0,42;0,52;0,185;0,431;0,082;0,101;0,679;0,733;0,55;0,965
0,375;0,344;0,2;0,03;0,113;0,968;0,557;0,721;0,839;0,84;0,117;0,872;0,2;0,21;0,711
0,076;0,693;0,289;0,342;0,394;0,806;0,15;0,55;0,399;0,416;0,22;0,609;0,7;0,957;0,456
0,721;0,533;0,996;0,978;0,594;0,182;0,749;0,888;0,313;0,647;0,867;0,829;0,58;0,103;0,705
0,332;0,246;0,676;0,378;0,316;0,152;0,751;0,218;0,939;0,621;0,001;0,979;0,963;0,996;0,257
0,185;0,055;0,044;0,517;0,033;0,601;0,058;0,684;0,753;0,221;0,919;0,886;0,594;0,597;0,765
0,116;0,141;0,265;0,969;0,929;0,883;0,208;0,089;0,715;0,63;0,722;0,523;0,021;0,891;0,252
0,39;0,344;0,522;0,492;0,223;0,586;0,044;0,749;0,803;0,051;0,458;0,414;0,591;0,677;0,457
0,874;0,207;0,25;0,29;0,276;0,383;0,442;0,356;0,702;0,298;0,037;0,52;0,027;0,636;0,109
0,771;0,19;0,117;0,972;0,201;0,02;0,805;0,773;0,582;0,44;0,064;0,134;0,414;0,025;0,732
0,384;0,309;0,956;0,959;0,471;0,229;0,865;0,344;0,143;0,633;0,661;0,361;0,829;0,718;0,173
0,17;0,233;0,121;0,404;0,911;0,003;0,303;0,025;0,206;0,636;0,913;0,111;0,221;0,855;0,287
0,036;0,29;0,808;0,071;0,18;0,626;0,117;0,455;0,056;0,275;0,544;0,006;0,65;0,468;0,655
0,544;0,507;0,749;0,919;0,764;0,794;0,111;0,84;0,817;0,587;0,839;0,253;0,136;0,505;0,667
0,994;0,745;0,638;0,882;0,926;0,805;0,042;0,905;0,434;0,789;0,288;0,186;0,696;0,095;0,238
0,379;0,379;0,977;0,709;0,354;0,092;0,217;0,13;0,622;0,429;0,422;0,041;0,447;0,328;0,304
0,246;0,817;0,389;0,293;0,132;0,155;0,86;0,907;0,85;0,051;0,858;0,172;0,725;0,354;0,504
0,972;0,854;0,369;0,714;0,058;0,965;0,229;0,49;0,7;0,896;0,754;0,825;0,978;0,735;0,725
0,621;0,246;0,699;0,942;0,298;0,37;0,214;0,7;0,044;0,927;0,855;0,114;0,225;0,199;0,412
0,502;0,226;0,446;0,54;0,332;0,543;0,775;0,529;0,136;0,557;0,194;0,514;0,206;0,268;0,558
0,562;0,473;0,952;0,054;0,954;0,343;0,068;0,785;0,616;0,864;0,274;0,505;0,907;0,569;0,014
0,136;0,36;0,697;0,691;0,013;0,986;0,58;0,434;0,909;0,965;0,392;0,64;0,742;0,242;0,567
0,995;0,353;0,197;0,113;0,256;0,785;0,501;0,192;0,154;0,69;0,328;0,731;0,96;0,372;0,418
0,002;0,374;0,883;0,845;0,609;0,406;0,344;0,402;0,571;0,671;0,39;0,407;0,307;0,156;0,282
0,423;0,116;0,705;0,382;0,299;0,774;0,697;0,059;0,757;0,875;0,519;0,297;0,088;0,1;0,503
0,303;0,674;0,601;0,125;0,679;0,255;0,471;0,046;0,35;0,52;0,326;0,778;0,036;0,864;0,484
0,81;0,175;0,316;0,747;0,376;0,605;0,209;0,66;0,615;0,347;0,606;0,214;0,742;0,367;0,831
0,251;0,929;0,776;0,17;0,509;0,146;0,073;0,123;0,586;0,796;0,884;0,534;0,415;0,223;0,243
0,957;0,034;0,61;0,94;0,411;0,708;0,101;0,303;0,638;0,85;0,654;0,809;0,209;0,698;0,901
0,604;0,947;0,668;0,114;0,654;0,308;0,248;0,103;0,582;0,228;0,79;0,981;0,734;0,225;0,748
0,219;0,774;0,674;0,154;0,967;0,201;0,774;0,127;0,318;0,35;0,139;0,747;0,239;0,694;0,144
0,64;0,213;0,927;0,588;0,8;0,991;0,683;0,808;0,687;0,327;0,896;0,033;0,291;0,167;0,642
0,468;0,088;0,987;0,136;0,391;0,48;0,256;0,356;0,335;0,332;0,38;0,97;0,68;0,513;0,025
0,829;0,261;0,442;0,621;0,627;0,814;0,782;0,89;0,558;0,606;0,818;0,82;0,059;0,174;0,335
0,732;0,543;0,368;0,584;0,231;0,078;0,047;0,242;0,219;0,012;0,13;0,748;0,054;0,841;0,424
0,274;0,943;0,212;0,732;0,733;0,734;0,03;0,343;0,608;0,402;0,193;0,029;0,432;0,02;0,467
0,562;0,444;0,34;0,852;0,26;0,478;0,475;0,815;0,888;0,368;0,035;0,704;0,043;0,638;0,139
0,082;0,007;0,691;0,12;0,456;0,324;0,066;0,685;0,545;0,178;0,009;0,324;0,478;0,179;0,44
0,626;0,453;0,531;0,187;0,185;0,853;0,277;0,982;0,253;0,225;0,764;0,551;0,442;0,972;0,595
0,617;0,933;0,1;0,854;0,108;0,754;0,981;0,802;0,801;0,282;0,457;0,602;0,954;0,928;0,865
0,076;0,55;0,456;0,823;0,252;0,732;0,226;0,118;0,904;0,869;0,172;0,202;0,177;0,714;0,308
0,902;0,296;0,41;0,791;0,884;0,701;0,154;0,77;0,501;0,141;0,867;0,265;0,802;0,05;0,941
0,414;0,95;0,165;0,421;0,679;0,469;0,312;0,154;0,29;0,889;0,371;0,222;0,85;0,476;0,473
0,913;0,203;0,941;0,15;0,529;0,218;0,464;0,743;0,183;0,554;0,573;0,867;0,068;0,568;0,866
0,25;0,861;0,523;0,065;0,231;0,73;0,58;0,982;0,985;0,115;0,699;0,105;0,105;0,467;0,839
0,412;0,034;0,651;0,476;0,888;0,868;0,71;0,803;0,497;0,816;0,821;0,377;0,373;0,578;0,388
0,153;0,194;0,635;0,143;0,538;0,134;0,434;0,101;0,289;0,217;0,721;0,434;0,131;0,014;0,364
0,796;0,182;0,58;0,922;0,69;0,745;0,438;0,645;0,838;0,557;0,358;0,915;0,146;0,15;0,117
0,259;0,527;0,23;0,508;0,861;0,231;0,674;0,2;0,287;0,965;0,002;0,564;0,996;0,321;0,27
0,648;0,796;1,0;0,669;0,753;0,079;0,056;0,576;0,815;0,477;0,845;0,873;0,448;0,851;0,539
0,479;0,341;0,736;0,676;0,565;0,607;0,887;0,12;0,369;0,037;0,195;0,45;0,651;0,821;0,524
0,416;0,067;0,494;0,183;0,803;0,228;0,248;0,802;0,504;0,438;0,85;0,47;0,415;0,808;0,753
0,643;0,243;0,535;0,519;0,681;0,299;0,737;0,067;0,553;0,777;0,85;0,238;0,998;0,919;0,694
0,755;0,509;0,236;0,783;0,248;0,271;0,701;0,48;0,169;0,917;0,326;0,763;0,083;0,917;0,459
0,843;0,21;0,013;0,973;0,763;0,539;0,775;0,639;0,089;0,487;0,308;0,133;0,249;0,077;0,772
0,24;0,024;0,618;0,187;0,721;0,519;0,617;0,461;0,351;0,262;0,753;0,544;0,933;0,498;0,129